Country,Category,DateTime,Value,Frequency,HistoricalDataSymbol,LastUpdate
United States,Consumer Price Index CPI,1950-01-31T00:00:00,23.51,Monthly,UNITEDSTACONPRIINDCP,2015-04-25T14:49:00
United States,Consumer Price Index CPI,1950-02-28T00:00:00,23.61,Monthly,UNITEDSTACONPRIINDCP,2014-06-11T09:44:00
United States,Consumer Price Index CPI,1950-03-31T00:00:00,23.64,Monthly,UNITEDSTACONPRIINDCP,2014-06-11T09:44:00
United States,Consumer Price Index CPI,1950-04-30T00:00:00,23.65,Monthly,UNITEDSTACONPRIINDCP,2015-04-25T14:49:00
United States,Consumer Price Index CPI,1950-05-31T00:00:00,23.77,Monthly,UNITEDSTACONPRIINDCP,2014-06-11T09:44:00
United States,Consumer Price Index CPI,1950-06-30T00:00:00,23.88,Monthly,UNITEDSTACONPRIINDCP,2014-06-11T09:44:00
United States,Consumer Price Index CPI,1950-07-31T00:00:00,24.07,Monthly,UNITEDSTACONPRIINDCP,2015-04-25T14:49:00
United States,Consumer Price Index CPI,1950-08-31T00:00:00,24.2,Monthly,UNITEDSTACONPRIINDCP,2014-06-11T09:44:00
United States,Consumer Price Index CPI,1950-09-30T00:00:00,24.34,Monthly,UNITEDSTACONPRIINDCP,2014-06-11T09:44:00
United States,Consumer Price Index CPI,1950-10-31T00:00:00,24.5,Monthly,UNITEDSTACONPRIINDCP,2015-04-25T14:49:00
United States,Consumer Price Index CPI,1950-11-30T00:00:00,24.6,Monthly,UNITEDSTACONPRIINDCP,2014-06-11T09:44:00
United States,Consumer Price Index CPI,1950-12-31T00:00:00,24.98,Monthly,UNITEDSTACONPRIINDCP,2014-06-11T09:44:00
United States,Consumer Price Index CPI,1951-01-31T00:00:00,25.38,Monthly,UNITEDSTACONPRIINDCP,2014-06-11T09:44:00
United States,Consumer Price Index CPI,1951-02-28T00:00:00,25.83,Monthly,UNITEDSTACONPRIINDCP,2014-06-11T09:44:00
United States,Consumer Price Index CPI,1951-03-31T00:00:00,25.88,Monthly,UNITEDSTACONPRIINDCP,2014-06-11T09:44:00
United States,Consumer Price Index CPI,1951-04-30T00:00:00,25.92,Monthly,UNITEDSTACONPRIINDCP,2015-04-25T14:49:00
United States,Consumer Price Index CPI,1951-05-31T00:00:00,25.99,Monthly,UNITEDSTACONPRIINDCP,2014-06-11T09:44:00
United States,Consumer Price Index CPI,1951-06-30T00:00:00,25.93,Monthly,UNITEDSTACONPRIINDCP,2014-06-11T09:44:00
United States,Consumer Price Index CPI,1951-07-31T00:00:00,25.91,Monthly,UNITEDSTACONPRIINDCP,2015-04-25T14:49:00
United States,Consumer Price Index CPI,1951-08-31T00:00:00,25.86,Monthly,UNITEDSTACONPRIINDCP,2014-06-11T09:44:00
United States,Consumer Price Index CPI,1951-09-30T00:00:00,26.03,Monthly,UNITEDSTACONPRIINDCP,2015-04-25T14:49:00
United States,Consumer Price Index CPI,1951-10-31T00:00:00,26.16,Monthly,UNITEDSTACONPRIINDCP,2014-06-11T09:44:00
United States,Consumer Price Index CPI,1951-11-30T00:00:00,26.32,Monthly,UNITEDSTACONPRIINDCP,2014-06-11T09:44:00
United States,Consumer Price Index CPI,1951-12-31T00:00:00,26.47,Monthly,UNITEDSTACONPRIINDCP,2015-04-25T14:49:00
United States,Consumer Price Index CPI,1952-01-31T00:00:00,26.45,Monthly,UNITEDSTACONPRIINDCP,2014-06-11T09:44:00
United States,Consumer Price Index CPI,1952-02-29T00:00:00,26.41,Monthly,UNITEDSTACONPRIINDCP,2014-06-11T09:44:00
United States,Consumer Price Index CPI,1952-03-31T00:00:00,26.39,Monthly,UNITEDSTACONPRIINDCP,2015-04-25T14:49:00
United States,Consumer Price Index CPI,1952-04-30T00:00:00,26.46,Monthly,UNITEDSTACONPRIINDCP,2014-06-11T09:44:00
United States,Consumer Price Index CPI,1952-05-31T00:00:00,26.47,Monthly,UNITEDSTACONPRIINDCP,2014-06-11T09:44:00
United States,Consumer Price Index CPI,1952-06-30T00:00:00,26.53,Monthly,UNITEDSTACONPRIINDCP,2015-04-25T14:49:00
United States,Consumer Price Index CPI,1952-07-31T00:00:00,26.68,Monthly,UNITEDSTACONPRIINDCP,2014-06-11T09:44:00
United States,Consumer Price Index CPI,1952-08-31T00:00:00,26.69,Monthly,UNITEDSTACONPRIINDCP,2014-06-11T09:44:00
United States,Consumer Price Index CPI,1952-09-30T00:00:00,26.63,Monthly,UNITEDSTACONPRIINDCP,2014-06-11T09:44:00
United States,Consumer Price Index CPI,1952-10-31T00:00:00,26.69,Monthly,UNITEDSTACONPRIINDCP,2014-06-11T09:44:00
United States,Consumer Price Index CPI,1952-11-30T00:00:00,26.69,Monthly,UNITEDSTACONPRIINDCP,2015-04-25T14:49:00
United States,Consumer Price Index CPI,1952-12-31T00:00:00,26.71,Monthly,UNITEDSTACONPRIINDCP,2014-06-11T09:44:00
United States,Consumer Price Index CPI,1953-01-31T00:00:00,26.64,Monthly,UNITEDSTACONPRIINDCP,2014-06-11T09:44:00
United States,Consumer Price Index CPI,1953-02-28T00:00:00,26.59,Monthly,UNITEDSTACONPRIINDCP,2015-04-25T14:49:00
United States,Consumer Price Index CPI,1953-03-31T00:00:00,26.63,Monthly,UNITEDSTACONPRIINDCP,2015-04-25T14:49:00
United States,Consumer Price Index CPI,1953-04-30T00:00:00,26.69,Monthly,UNITEDSTACONPRIINDCP,2014-06-11T09:44:00
United States,Consumer Price Index CPI,1953-05-31T00:00:00,26.7,Monthly,UNITEDSTACONPRIINDCP,2014-06-11T09:44:00
United States,Consumer Price Index CPI,1953-06-30T00:00:00,26.77,Monthly,UNITEDSTACONPRIINDCP,2014-06-11T09:44:00
United States,Consumer Price Index CPI,1953-07-31T00:00:00,26.79,Monthly,UNITEDSTACONPRIINDCP,2014-06-11T09:44:00
United States,Consumer Price Index CPI,1953-08-31T00:00:00,26.85,Monthly,UNITEDSTACONPRIINDCP,2015-04-25T14:49:00
United States,Consumer Price Index CPI,1953-09-30T00:00:00,26.89,Monthly,UNITEDSTACONPRIINDCP,2014-06-11T09:44:00
United States,Consumer Price Index CPI,1953-10-31T00:00:00,26.95,Monthly,UNITEDSTACONPRIINDCP,2014-06-11T09:44:00
United States,Consumer Price Index CPI,1953-11-30T00:00:00,26.85,Monthly,UNITEDSTACONPRIINDCP,2015-04-25T14:49:00
United States,Consumer Price Index CPI,1953-12-31T00:00:00,26.87,Monthly,UNITEDSTACONPRIINDCP,2014-06-11T09:44:00
United States,Consumer Price Index CPI,1954-01-31T00:00:00,26.94,Monthly,UNITEDSTACONPRIINDCP,2014-06-11T09:44:00
United States,Consumer Price Index CPI,1954-02-28T00:00:00,26.99,Monthly,UNITEDSTACONPRIINDCP,2014-06-11T09:44:00
United States,Consumer Price Index CPI,1954-03-31T00:00:00,26.93,Monthly,UNITEDSTACONPRIINDCP,2014-06-11T09:44:00
United States,Consumer Price Index CPI,1954-04-30T00:00:00,26.86,Monthly,UNITEDSTACONPRIINDCP,2014-06-11T09:44:00
United States,Consumer Price Index CPI,1954-05-31T00:00:00,26.93,Monthly,UNITEDSTACONPRIINDCP,2015-04-25T14:49:00
United States,Consumer Price Index CPI,1954-06-30T00:00:00,26.94,Monthly,UNITEDSTACONPRIINDCP,2014-06-11T09:44:00
United States,Consumer Price Index CPI,1954-07-31T00:00:00,26.86,Monthly,UNITEDSTACONPRIINDCP,2014-06-11T09:44:00
United States,Consumer Price Index CPI,1954-08-31T00:00:00,26.85,Monthly,UNITEDSTACONPRIINDCP,2015-04-25T14:49:00
United States,Consumer Price Index CPI,1954-09-30T00:00:00,26.81,Monthly,UNITEDSTACONPRIINDCP,2014-06-11T09:44:00
United States,Consumer Price Index CPI,1954-10-31T00:00:00,26.72,Monthly,UNITEDSTACONPRIINDCP,2014-06-11T09:44:00
United States,Consumer Price Index CPI,1954-11-30T00:00:00,26.78,Monthly,UNITEDSTACONPRIINDCP,2014-06-11T09:44:00
United States,Consumer Price Index CPI,1954-12-31T00:00:00,26.77,Monthly,UNITEDSTACONPRIINDCP,2014-06-11T09:44:00
United States,Consumer Price Index CPI,1955-01-31T00:00:00,26.77,Monthly,UNITEDSTACONPRIINDCP,2015-04-25T14:49:00
United States,Consumer Price Index CPI,1955-02-28T00:00:00,26.82,Monthly,UNITEDSTACONPRIINDCP,2014-06-11T09:44:00
United States,Consumer Price Index CPI,1955-03-31T00:00:00,26.79,Monthly,UNITEDSTACONPRIINDCP,2014-06-11T09:44:00
United States,Consumer Price Index CPI,1955-04-30T00:00:00,26.79,Monthly,UNITEDSTACONPRIINDCP,2014-06-11T09:44:00
United States,Consumer Price Index CPI,1955-05-31T00:00:00,26.77,Monthly,UNITEDSTACONPRIINDCP,2015-04-25T14:49:00
United States,Consumer Price Index CPI,1955-06-30T00:00:00,26.71,Monthly,UNITEDSTACONPRIINDCP,2014-06-11T09:44:00
United States,Consumer Price Index CPI,1955-07-31T00:00:00,26.76,Monthly,UNITEDSTACONPRIINDCP,2014-06-11T09:44:00
United States,Consumer Price Index CPI,1955-08-31T00:00:00,26.72,Monthly,UNITEDSTACONPRIINDCP,2014-06-11T09:44:00
United States,Consumer Price Index CPI,1955-09-30T00:00:00,26.85,Monthly,UNITEDSTACONPRIINDCP,2014-06-11T09:44:00
United States,Consumer Price Index CPI,1955-10-31T00:00:00,26.82,Monthly,UNITEDSTACONPRIINDCP,2015-04-25T14:49:00
United States,Consumer Price Index CPI,1955-11-30T00:00:00,26.88,Monthly,UNITEDSTACONPRIINDCP,2014-06-11T09:44:00
United States,Consumer Price Index CPI,1955-12-31T00:00:00,26.87,Monthly,UNITEDSTACONPRIINDCP,2014-06-11T09:44:00
United States,Consumer Price Index CPI,1956-01-31T00:00:00,26.83,Monthly,UNITEDSTACONPRIINDCP,2015-04-25T14:49:00
United States,Consumer Price Index CPI,1956-02-29T00:00:00,26.86,Monthly,UNITEDSTACONPRIINDCP,2014-06-11T09:44:00
United States,Consumer Price Index CPI,1956-03-31T00:00:00,26.89,Monthly,UNITEDSTACONPRIINDCP,2014-06-11T09:44:00
United States,Consumer Price Index CPI,1956-04-30T00:00:00,26.93,Monthly,UNITEDSTACONPRIINDCP,2015-04-25T14:49:00
United States,Consumer Price Index CPI,1956-05-31T00:00:00,27.03,Monthly,UNITEDSTACONPRIINDCP,2014-06-11T09:44:00
United States,Consumer Price Index CPI,1956-06-30T00:00:00,27.15,Monthly,UNITEDSTACONPRIINDCP,2014-06-11T09:44:00
United States,Consumer Price Index CPI,1956-07-31T00:00:00,27.29,Monthly,UNITEDSTACONPRIINDCP,2015-04-25T14:49:00
United States,Consumer Price Index CPI,1956-08-31T00:00:00,27.31,Monthly,UNITEDSTACONPRIINDCP,2014-06-11T09:44:00
United States,Consumer Price Index CPI,1956-09-30T00:00:00,27.35,Monthly,UNITEDSTACONPRIINDCP,2015-04-25T14:49:00
United States,Consumer Price Index CPI,1956-10-31T00:00:00,27.51,Monthly,UNITEDSTACONPRIINDCP,2014-06-11T09:44:00
United States,Consumer Price Index CPI,1956-11-30T00:00:00,27.51,Monthly,UNITEDSTACONPRIINDCP,2014-06-11T09:44:00
United States,Consumer Price Index CPI,1956-12-31T00:00:00,27.63,Monthly,UNITEDSTACONPRIINDCP,2015-04-25T14:49:00
United States,Consumer Price Index CPI,1957-01-31T00:00:00,27.67,Monthly,UNITEDSTACONPRIINDCP,2014-06-11T09:44:00
United States,Consumer Price Index CPI,1957-02-28T00:00:00,27.8,Monthly,UNITEDSTACONPRIINDCP,2014-06-11T09:44:00
United States,Consumer Price Index CPI,1957-03-31T00:00:00,27.86,Monthly,UNITEDSTACONPRIINDCP,2014-06-11T09:44:00
United States,Consumer Price Index CPI,1957-04-30T00:00:00,27.93,Monthly,UNITEDSTACONPRIINDCP,2014-06-11T09:44:00
United States,Consumer Price Index CPI,1957-05-31T00:00:00,28,Monthly,UNITEDSTACONPRIINDCP,2014-06-11T09:44:00
United States,Consumer Price Index CPI,1957-06-30T00:00:00,28.11,Monthly,UNITEDSTACONPRIINDCP,2015-04-25T14:49:00
United States,Consumer Price Index CPI,1957-07-31T00:00:00,28.19,Monthly,UNITEDSTACONPRIINDCP,2014-06-11T09:44:00
United States,Consumer Price Index CPI,1957-08-31T00:00:00,28.28,Monthly,UNITEDSTACONPRIINDCP,2014-06-11T09:44:00
United States,Consumer Price Index CPI,1957-09-30T00:00:00,28.32,Monthly,UNITEDSTACONPRIINDCP,2015-04-25T14:49:00
United States,Consumer Price Index CPI,1957-10-31T00:00:00,28.32,Monthly,UNITEDSTACONPRIINDCP,2014-06-11T09:44:00
United States,Consumer Price Index CPI,1957-11-30T00:00:00,28.41,Monthly,UNITEDSTACONPRIINDCP,2014-06-11T09:44:00
United States,Consumer Price Index CPI,1957-12-31T00:00:00,28.47,Monthly,UNITEDSTACONPRIINDCP,2015-04-25T14:49:00
United States,Consumer Price Index CPI,1958-01-31T00:00:00,28.64,Monthly,UNITEDSTACONPRIINDCP,2014-06-11T09:44:00
United States,Consumer Price Index CPI,1958-02-28T00:00:00,28.7,Monthly,UNITEDSTACONPRIINDCP,2015-04-25T14:49:00
United States,Consumer Price Index CPI,1958-03-31T00:00:00,28.87,Monthly,UNITEDSTACONPRIINDCP,2015-04-25T14:49:00
United States,Consumer Price Index CPI,1958-04-30T00:00:00,28.94,Monthly,UNITEDSTACONPRIINDCP,2014-06-11T09:44:00
United States,Consumer Price Index CPI,1958-05-31T00:00:00,28.94,Monthly,UNITEDSTACONPRIINDCP,2014-06-11T09:44:00
United States,Consumer Price Index CPI,1958-06-30T00:00:00,28.91,Monthly,UNITEDSTACONPRIINDCP,2015-04-25T14:49:00
United States,Consumer Price Index CPI,1958-07-31T00:00:00,28.89,Monthly,UNITEDSTACONPRIINDCP,2014-06-11T09:44:00
United States,Consumer Price Index CPI,1958-08-31T00:00:00,28.94,Monthly,UNITEDSTACONPRIINDCP,2014-06-11T09:44:00
United States,Consumer Price Index CPI,1958-09-30T00:00:00,28.91,Monthly,UNITEDSTACONPRIINDCP,2014-06-11T09:44:00
United States,Consumer Price Index CPI,1958-10-31T00:00:00,28.91,Monthly,UNITEDSTACONPRIINDCP,2014-06-11T09:44:00
United States,Consumer Price Index CPI,1958-11-30T00:00:00,28.95,Monthly,UNITEDSTACONPRIINDCP,2015-04-25T14:49:00
United States,Consumer Price Index CPI,1958-12-31T00:00:00,28.97,Monthly,UNITEDSTACONPRIINDCP,2014-06-11T09:44:00
United States,Consumer Price Index CPI,1959-01-31T00:00:00,29.01,Monthly,UNITEDSTACONPRIINDCP,2014-06-11T09:44:00
United States,Consumer Price Index CPI,1959-02-28T00:00:00,29,Monthly,UNITEDSTACONPRIINDCP,2015-04-25T14:49:00
United States,Consumer Price Index CPI,1959-03-31T00:00:00,28.97,Monthly,UNITEDSTACONPRIINDCP,2015-04-25T14:49:00
United States,Consumer Price Index CPI,1959-04-30T00:00:00,28.98,Monthly,UNITEDSTACONPRIINDCP,2014-06-11T09:44:00
United States,Consumer Price Index CPI,1959-05-31T00:00:00,29.04,Monthly,UNITEDSTACONPRIINDCP,2014-06-11T09:44:00
United States,Consumer Price Index CPI,1959-06-30T00:00:00,29.11,Monthly,UNITEDSTACONPRIINDCP,2014-06-11T09:44:00
United States,Consumer Price Index CPI,1959-07-31T00:00:00,29.15,Monthly,UNITEDSTACONPRIINDCP,2014-06-11T09:44:00
United States,Consumer Price Index CPI,1959-08-31T00:00:00,29.18,Monthly,UNITEDSTACONPRIINDCP,2015-04-25T14:49:00
United States,Consumer Price Index CPI,1959-09-30T00:00:00,29.25,Monthly,UNITEDSTACONPRIINDCP,2014-06-11T09:44:00
United States,Consumer Price Index CPI,1959-10-31T00:00:00,29.35,Monthly,UNITEDSTACONPRIINDCP,2014-06-11T09:44:00
United States,Consumer Price Index CPI,1959-11-30T00:00:00,29.35,Monthly,UNITEDSTACONPRIINDCP,2015-04-25T14:49:00
United States,Consumer Price Index CPI,1959-12-31T00:00:00,29.41,Monthly,UNITEDSTACONPRIINDCP,2014-06-11T09:44:00
United States,Consumer Price Index CPI,1960-01-31T00:00:00,29.37,Monthly,UNITEDSTACONPRIINDCP,2014-06-11T09:44:00
United States,Consumer Price Index CPI,1960-02-29T00:00:00,29.41,Monthly,UNITEDSTACONPRIINDCP,2014-06-11T09:44:00
United States,Consumer Price Index CPI,1960-03-31T00:00:00,29.41,Monthly,UNITEDSTACONPRIINDCP,2014-06-11T09:44:00
United States,Consumer Price Index CPI,1960-04-30T00:00:00,29.54,Monthly,UNITEDSTACONPRIINDCP,2014-06-11T09:44:00
United States,Consumer Price Index CPI,1960-05-31T00:00:00,29.57,Monthly,UNITEDSTACONPRIINDCP,2015-04-25T14:49:00
United States,Consumer Price Index CPI,1960-06-30T00:00:00,29.61,Monthly,UNITEDSTACONPRIINDCP,2014-06-11T09:44:00
United States,Consumer Price Index CPI,1960-07-31T00:00:00,29.55,Monthly,UNITEDSTACONPRIINDCP,2014-06-11T09:44:00
United States,Consumer Price Index CPI,1960-08-31T00:00:00,29.61,Monthly,UNITEDSTACONPRIINDCP,2014-06-11T09:44:00
United States,Consumer Price Index CPI,1960-09-30T00:00:00,29.61,Monthly,UNITEDSTACONPRIINDCP,2014-06-11T09:44:00
United States,Consumer Price Index CPI,1960-10-31T00:00:00,29.75,Monthly,UNITEDSTACONPRIINDCP,2015-04-25T14:49:00
United States,Consumer Price Index CPI,1960-11-30T00:00:00,29.78,Monthly,UNITEDSTACONPRIINDCP,2014-06-11T09:44:00
United States,Consumer Price Index CPI,1960-12-31T00:00:00,29.81,Monthly,UNITEDSTACONPRIINDCP,2014-06-11T09:44:00
United States,Consumer Price Index CPI,1961-01-31T00:00:00,29.84,Monthly,UNITEDSTACONPRIINDCP,2015-04-25T14:49:00
United States,Consumer Price Index CPI,1961-02-28T00:00:00,29.84,Monthly,UNITEDSTACONPRIINDCP,2014-06-11T09:44:00
United States,Consumer Price Index CPI,1961-03-31T00:00:00,29.84,Monthly,UNITEDSTACONPRIINDCP,2014-06-11T09:44:00
United States,Consumer Price Index CPI,1961-04-30T00:00:00,29.81,Monthly,UNITEDSTACONPRIINDCP,2015-04-25T14:49:00
United States,Consumer Price Index CPI,1961-05-31T00:00:00,29.84,Monthly,UNITEDSTACONPRIINDCP,2014-06-11T09:44:00
United States,Consumer Price Index CPI,1961-06-30T00:00:00,29.84,Monthly,UNITEDSTACONPRIINDCP,2014-06-11T09:44:00
United States,Consumer Price Index CPI,1961-07-31T00:00:00,29.92,Monthly,UNITEDSTACONPRIINDCP,2015-04-25T14:49:00
United States,Consumer Price Index CPI,1961-08-31T00:00:00,29.94,Monthly,UNITEDSTACONPRIINDCP,2014-06-11T09:44:00
United States,Consumer Price Index CPI,1961-09-30T00:00:00,29.98,Monthly,UNITEDSTACONPRIINDCP,2014-06-11T09:44:00
United States,Consumer Price Index CPI,1961-10-31T00:00:00,29.98,Monthly,UNITEDSTACONPRIINDCP,2015-04-25T14:49:00
United States,Consumer Price Index CPI,1961-11-30T00:00:00,29.98,Monthly,UNITEDSTACONPRIINDCP,2014-06-11T09:44:00
United States,Consumer Price Index CPI,1961-12-31T00:00:00,30.01,Monthly,UNITEDSTACONPRIINDCP,2014-06-11T09:44:00
United States,Consumer Price Index CPI,1962-01-31T00:00:00,30.04,Monthly,UNITEDSTACONPRIINDCP,2014-06-11T09:44:00
United States,Consumer Price Index CPI,1962-02-28T00:00:00,30.11,Monthly,UNITEDSTACONPRIINDCP,2014-06-11T09:44:00
United States,Consumer Price Index CPI,1962-03-31T00:00:00,30.17,Monthly,UNITEDSTACONPRIINDCP,2014-06-11T09:44:00
United States,Consumer Price Index CPI,1962-04-30T00:00:00,30.21,Monthly,UNITEDSTACONPRIINDCP,2015-04-25T14:49:00
United States,Consumer Price Index CPI,1962-05-31T00:00:00,30.24,Monthly,UNITEDSTACONPRIINDCP,2014-06-11T09:44:00
United States,Consumer Price Index CPI,1962-06-30T00:00:00,30.21,Monthly,UNITEDSTACONPRIINDCP,2014-06-11T09:44:00
United States,Consumer Price Index CPI,1962-07-31T00:00:00,30.22,Monthly,UNITEDSTACONPRIINDCP,2015-04-25T14:49:00
United States,Consumer Price Index CPI,1962-08-31T00:00:00,30.28,Monthly,UNITEDSTACONPRIINDCP,2014-06-11T09:44:00
United States,Consumer Price Index CPI,1962-09-30T00:00:00,30.42,Monthly,UNITEDSTACONPRIINDCP,2015-04-25T14:49:00
United States,Consumer Price Index CPI,1962-10-31T00:00:00,30.38,Monthly,UNITEDSTACONPRIINDCP,2014-06-11T09:44:00
United States,Consumer Price Index CPI,1962-11-30T00:00:00,30.38,Monthly,UNITEDSTACONPRIINDCP,2014-06-11T09:44:00
United States,Consumer Price Index CPI,1962-12-31T00:00:00,30.38,Monthly,UNITEDSTACONPRIINDCP,2015-04-25T14:49:00
United States,Consumer Price Index CPI,1963-01-31T00:00:00,30.44,Monthly,UNITEDSTACONPRIINDCP,2014-06-11T09:44:00
United States,Consumer Price Index CPI,1963-02-28T00:00:00,30.48,Monthly,UNITEDSTACONPRIINDCP,2014-06-11T09:44:00
United States,Consumer Price Index CPI,1963-03-31T00:00:00,30.51,Monthly,UNITEDSTACONPRIINDCP,2014-06-11T09:44:00
United States,Consumer Price Index CPI,1963-04-30T00:00:00,30.48,Monthly,UNITEDSTACONPRIINDCP,2014-06-11T09:44:00
United States,Consumer Price Index CPI,1963-05-31T00:00:00,30.51,Monthly,UNITEDSTACONPRIINDCP,2014-06-11T09:44:00
United States,Consumer Price Index CPI,1963-06-30T00:00:00,30.61,Monthly,UNITEDSTACONPRIINDCP,2015-04-25T14:49:00
United States,Consumer Price Index CPI,1963-07-31T00:00:00,30.69,Monthly,UNITEDSTACONPRIINDCP,2014-06-11T09:44:00
United States,Consumer Price Index CPI,1963-08-31T00:00:00,30.75,Monthly,UNITEDSTACONPRIINDCP,2014-06-11T09:44:00
United States,Consumer Price Index CPI,1963-09-30T00:00:00,30.72,Monthly,UNITEDSTACONPRIINDCP,2015-04-25T14:49:00
United States,Consumer Price Index CPI,1963-10-31T00:00:00,30.75,Monthly,UNITEDSTACONPRIINDCP,2014-06-11T09:44:00
United States,Consumer Price Index CPI,1963-11-30T00:00:00,30.78,Monthly,UNITEDSTACONPRIINDCP,2014-06-11T09:44:00
United States,Consumer Price Index CPI,1963-12-31T00:00:00,30.88,Monthly,UNITEDSTACONPRIINDCP,2015-04-25T14:49:00
United States,Consumer Price Index CPI,1964-01-31T00:00:00,30.94,Monthly,UNITEDSTACONPRIINDCP,2014-06-11T09:44:00
United States,Consumer Price Index CPI,1964-02-29T00:00:00,30.91,Monthly,UNITEDSTACONPRIINDCP,2015-04-25T14:49:00
United States,Consumer Price Index CPI,1964-03-31T00:00:00,30.94,Monthly,UNITEDSTACONPRIINDCP,2015-04-25T14:49:00
United States,Consumer Price Index CPI,1964-04-30T00:00:00,30.95,Monthly,UNITEDSTACONPRIINDCP,2014-06-11T09:44:00
United States,Consumer Price Index CPI,1964-05-31T00:00:00,30.98,Monthly,UNITEDSTACONPRIINDCP,2014-06-11T09:44:00
United States,Consumer Price Index CPI,1964-06-30T00:00:00,31.01,Monthly,UNITEDSTACONPRIINDCP,2014-06-11T09:44:00
United States,Consumer Price Index CPI,1964-07-31T00:00:00,31.02,Monthly,UNITEDSTACONPRIINDCP,2014-06-11T09:44:00
United States,Consumer Price Index CPI,1964-08-31T00:00:00,31.05,Monthly,UNITEDSTACONPRIINDCP,2015-04-25T14:49:00
United States,Consumer Price Index CPI,1964-09-30T00:00:00,31.08,Monthly,UNITEDSTACONPRIINDCP,2014-06-11T09:44:00
United States,Consumer Price Index CPI,1964-10-31T00:00:00,31.12,Monthly,UNITEDSTACONPRIINDCP,2014-06-11T09:44:00
United States,Consumer Price Index CPI,1964-11-30T00:00:00,31.21,Monthly,UNITEDSTACONPRIINDCP,2015-04-25T14:49:00
United States,Consumer Price Index CPI,1964-12-31T00:00:00,31.25,Monthly,UNITEDSTACONPRIINDCP,2014-06-11T09:44:00
United States,Consumer Price Index CPI,1965-01-31T00:00:00,31.28,Monthly,UNITEDSTACONPRIINDCP,2014-06-11T09:44:00
United States,Consumer Price Index CPI,1965-02-28T00:00:00,31.28,Monthly,UNITEDSTACONPRIINDCP,2014-06-11T09:44:00
United States,Consumer Price Index CPI,1965-03-31T00:00:00,31.31,Monthly,UNITEDSTACONPRIINDCP,2014-06-11T09:44:00
United States,Consumer Price Index CPI,1965-04-30T00:00:00,31.38,Monthly,UNITEDSTACONPRIINDCP,2014-06-11T09:44:00
United States,Consumer Price Index CPI,1965-05-31T00:00:00,31.48,Monthly,UNITEDSTACONPRIINDCP,2015-04-25T14:49:00
United States,Consumer Price Index CPI,1965-06-30T00:00:00,31.61,Monthly,UNITEDSTACONPRIINDCP,2014-06-11T09:44:00
United States,Consumer Price Index CPI,1965-07-31T00:00:00,31.58,Monthly,UNITEDSTACONPRIINDCP,2014-06-11T09:44:00
United States,Consumer Price Index CPI,1965-08-31T00:00:00,31.55,Monthly,UNITEDSTACONPRIINDCP,2015-04-25T14:49:00
United States,Consumer Price Index CPI,1965-09-30T00:00:00,31.62,Monthly,UNITEDSTACONPRIINDCP,2014-06-11T09:44:00
United States,Consumer Price Index CPI,1965-10-31T00:00:00,31.65,Monthly,UNITEDSTACONPRIINDCP,2014-06-11T09:44:00
United States,Consumer Price Index CPI,1965-11-30T00:00:00,31.75,Monthly,UNITEDSTACONPRIINDCP,2014-06-11T09:44:00
United States,Consumer Price Index CPI,1965-12-31T00:00:00,31.85,Monthly,UNITEDSTACONPRIINDCP,2014-06-11T09:44:00
United States,Consumer Price Index CPI,1966-01-31T00:00:00,31.88,Monthly,UNITEDSTACONPRIINDCP,2015-04-25T14:49:00
United States,Consumer Price Index CPI,1966-02-28T00:00:00,32.08,Monthly,UNITEDSTACONPRIINDCP,2014-06-11T09:44:00
United States,Consumer Price Index CPI,1966-03-31T00:00:00,32.18,Monthly,UNITEDSTACONPRIINDCP,2014-06-11T09:44:00
United States,Consumer Price Index CPI,1966-04-30T00:00:00,32.28,Monthly,UNITEDSTACONPRIINDCP,2014-06-11T09:44:00
United States,Consumer Price Index CPI,1966-05-31T00:00:00,32.35,Monthly,UNITEDSTACONPRIINDCP,2015-04-25T14:49:00
United States,Consumer Price Index CPI,1966-06-30T00:00:00,32.38,Monthly,UNITEDSTACONPRIINDCP,2014-06-11T09:44:00
United States,Consumer Price Index CPI,1966-07-31T00:00:00,32.45,Monthly,UNITEDSTACONPRIINDCP,2014-06-11T09:44:00
United States,Consumer Price Index CPI,1966-08-31T00:00:00,32.65,Monthly,UNITEDSTACONPRIINDCP,2014-06-11T09:44:00
United States,Consumer Price Index CPI,1966-09-30T00:00:00,32.75,Monthly,UNITEDSTACONPRIINDCP,2014-06-11T09:44:00
United States,Consumer Price Index CPI,1966-10-31T00:00:00,32.85,Monthly,UNITEDSTACONPRIINDCP,2015-04-25T14:49:00
United States,Consumer Price Index CPI,1966-11-30T00:00:00,32.88,Monthly,UNITEDSTACONPRIINDCP,2014-06-11T09:44:00
United States,Consumer Price Index CPI,1966-12-31T00:00:00,32.92,Monthly,UNITEDSTACONPRIINDCP,2014-06-11T09:44:00
United States,Consumer Price Index CPI,1967-01-31T00:00:00,32.9,Monthly,UNITEDSTACONPRIINDCP,2015-04-25T14:49:00
United States,Consumer Price Index CPI,1967-02-28T00:00:00,33,Monthly,UNITEDSTACONPRIINDCP,2014-06-11T09:44:00
United States,Consumer Price Index CPI,1967-03-31T00:00:00,33,Monthly,UNITEDSTACONPRIINDCP,2014-06-11T09:44:00
United States,Consumer Price Index CPI,1967-04-30T00:00:00,33.1,Monthly,UNITEDSTACONPRIINDCP,2015-04-25T14:49:00
United States,Consumer Price Index CPI,1967-05-31T00:00:00,33.1,Monthly,UNITEDSTACONPRIINDCP,2014-06-11T09:44:00
United States,Consumer Price Index CPI,1967-06-30T00:00:00,33.3,Monthly,UNITEDSTACONPRIINDCP,2014-06-11T09:44:00
United States,Consumer Price Index CPI,1967-07-31T00:00:00,33.4,Monthly,UNITEDSTACONPRIINDCP,2015-04-25T14:49:00
United States,Consumer Price Index CPI,1967-08-31T00:00:00,33.5,Monthly,UNITEDSTACONPRIINDCP,2014-06-11T09:44:00
United States,Consumer Price Index CPI,1967-09-30T00:00:00,33.6,Monthly,UNITEDSTACONPRIINDCP,2014-06-11T09:44:00
United States,Consumer Price Index CPI,1967-10-31T00:00:00,33.7,Monthly,UNITEDSTACONPRIINDCP,2015-04-25T14:49:00
United States,Consumer Price Index CPI,1967-11-30T00:00:00,33.9,Monthly,UNITEDSTACONPRIINDCP,2014-06-11T09:44:00
United States,Consumer Price Index CPI,1967-12-31T00:00:00,34,Monthly,UNITEDSTACONPRIINDCP,2014-06-11T09:44:00
United States,Consumer Price Index CPI,1968-01-31T00:00:00,34.1,Monthly,UNITEDSTACONPRIINDCP,2014-06-11T09:44:00
United States,Consumer Price Index CPI,1968-02-29T00:00:00,34.2,Monthly,UNITEDSTACONPRIINDCP,2014-06-11T09:44:00
United States,Consumer Price Index CPI,1968-03-31T00:00:00,34.3,Monthly,UNITEDSTACONPRIINDCP,2014-06-11T09:44:00
United States,Consumer Price Index CPI,1968-04-30T00:00:00,34.4,Monthly,UNITEDSTACONPRIINDCP,2014-06-11T09:44:00
United States,Consumer Price Index CPI,1968-05-31T00:00:00,34.5,Monthly,UNITEDSTACONPRIINDCP,2014-06-11T09:44:00
United States,Consumer Price Index CPI,1968-06-30T00:00:00,34.7,Monthly,UNITEDSTACONPRIINDCP,2015-04-25T14:49:00
United States,Consumer Price Index CPI,1968-07-31T00:00:00,34.9,Monthly,UNITEDSTACONPRIINDCP,2014-06-11T09:44:00
United States,Consumer Price Index CPI,1968-08-31T00:00:00,35,Monthly,UNITEDSTACONPRIINDCP,2014-06-11T09:44:00
United States,Consumer Price Index CPI,1968-09-30T00:00:00,35.1,Monthly,UNITEDSTACONPRIINDCP,2015-04-25T14:49:00
United States,Consumer Price Index CPI,1968-10-31T00:00:00,35.3,Monthly,UNITEDSTACONPRIINDCP,2014-06-11T09:44:00
United States,Consumer Price Index CPI,1968-11-30T00:00:00,35.4,Monthly,UNITEDSTACONPRIINDCP,2014-06-11T09:44:00
United States,Consumer Price Index CPI,1968-12-31T00:00:00,35.6,Monthly,UNITEDSTACONPRIINDCP,2015-04-25T14:49:00
United States,Consumer Price Index CPI,1969-01-31T00:00:00,35.7,Monthly,UNITEDSTACONPRIINDCP,2014-06-11T09:44:00
United States,Consumer Price Index CPI,1969-02-28T00:00:00,35.8,Monthly,UNITEDSTACONPRIINDCP,2015-04-25T14:49:00
United States,Consumer Price Index CPI,1969-03-31T00:00:00,36.1,Monthly,UNITEDSTACONPRIINDCP,2015-04-25T14:49:00
United States,Consumer Price Index CPI,1969-04-30T00:00:00,36.3,Monthly,UNITEDSTACONPRIINDCP,2014-06-11T09:44:00
United States,Consumer Price Index CPI,1969-05-31T00:00:00,36.4,Monthly,UNITEDSTACONPRIINDCP,2014-06-11T09:44:00
United States,Consumer Price Index CPI,1969-06-30T00:00:00,36.6,Monthly,UNITEDSTACONPRIINDCP,2015-04-25T14:49:00
United States,Consumer Price Index CPI,1969-07-31T00:00:00,36.8,Monthly,UNITEDSTACONPRIINDCP,2014-06-11T09:44:00
United States,Consumer Price Index CPI,1969-08-31T00:00:00,36.9,Monthly,UNITEDSTACONPRIINDCP,2014-06-11T09:44:00
United States,Consumer Price Index CPI,1969-09-30T00:00:00,37.1,Monthly,UNITEDSTACONPRIINDCP,2014-06-11T09:44:00
United States,Consumer Price Index CPI,1969-10-31T00:00:00,37.3,Monthly,UNITEDSTACONPRIINDCP,2014-06-11T09:44:00
United States,Consumer Price Index CPI,1969-11-30T00:00:00,37.5,Monthly,UNITEDSTACONPRIINDCP,2015-04-25T14:49:00
United States,Consumer Price Index CPI,1969-12-31T00:00:00,37.7,Monthly,UNITEDSTACONPRIINDCP,2014-06-11T09:44:00
United States,Consumer Price Index CPI,1970-01-31T00:00:00,37.9,Monthly,UNITEDSTACONPRIINDCP,2014-06-11T09:44:00
United States,Consumer Price Index CPI,1970-02-28T00:00:00,38.1,Monthly,UNITEDSTACONPRIINDCP,2015-04-25T14:49:00
United States,Consumer Price Index CPI,1970-03-31T00:00:00,38.3,Monthly,UNITEDSTACONPRIINDCP,2015-04-25T14:49:00
United States,Consumer Price Index CPI,1970-04-30T00:00:00,38.5,Monthly,UNITEDSTACONPRIINDCP,2014-06-11T09:44:00
United States,Consumer Price Index CPI,1970-05-31T00:00:00,38.6,Monthly,UNITEDSTACONPRIINDCP,2014-06-11T09:44:00
United States,Consumer Price Index CPI,1970-06-30T00:00:00,38.8,Monthly,UNITEDSTACONPRIINDCP,2014-06-11T09:44:00
United States,Consumer Price Index CPI,1970-07-31T00:00:00,38.9,Monthly,UNITEDSTACONPRIINDCP,2014-06-11T09:44:00
United States,Consumer Price Index CPI,1970-08-31T00:00:00,39,Monthly,UNITEDSTACONPRIINDCP,2015-04-25T14:49:00
United States,Consumer Price Index CPI,1970-09-30T00:00:00,39.2,Monthly,UNITEDSTACONPRIINDCP,2014-06-11T09:44:00
United States,Consumer Price Index CPI,1970-10-31T00:00:00,39.4,Monthly,UNITEDSTACONPRIINDCP,2014-06-11T09:44:00
United States,Consumer Price Index CPI,1970-11-30T00:00:00,39.6,Monthly,UNITEDSTACONPRIINDCP,2015-04-25T14:49:00
United States,Consumer Price Index CPI,1970-12-31T00:00:00,39.8,Monthly,UNITEDSTACONPRIINDCP,2014-06-11T09:44:00
United States,Consumer Price Index CPI,1971-01-31T00:00:00,39.9,Monthly,UNITEDSTACONPRIINDCP,2014-06-11T09:44:00
United States,Consumer Price Index CPI,1971-02-28T00:00:00,39.9,Monthly,UNITEDSTACONPRIINDCP,2014-06-11T09:44:00
United States,Consumer Price Index CPI,1971-03-31T00:00:00,40,Monthly,UNITEDSTACONPRIINDCP,2014-06-11T09:44:00
United States,Consumer Price Index CPI,1971-04-30T00:00:00,40.1,Monthly,UNITEDSTACONPRIINDCP,2014-06-11T09:44:00
United States,Consumer Price Index CPI,1971-05-31T00:00:00,40.3,Monthly,UNITEDSTACONPRIINDCP,2015-04-25T14:49:00
United States,Consumer Price Index CPI,1971-06-30T00:00:00,40.5,Monthly,UNITEDSTACONPRIINDCP,2014-06-11T09:44:00
United States,Consumer Price Index CPI,1971-07-31T00:00:00,40.6,Monthly,UNITEDSTACONPRIINDCP,2014-06-11T09:44:00
United States,Consumer Price Index CPI,1971-08-31T00:00:00,40.7,Monthly,UNITEDSTACONPRIINDCP,2015-04-25T14:49:00
United States,Consumer Price Index CPI,1971-09-30T00:00:00,40.8,Monthly,UNITEDSTACONPRIINDCP,2014-06-11T09:44:00
United States,Consumer Price Index CPI,1971-10-31T00:00:00,40.9,Monthly,UNITEDSTACONPRIINDCP,2014-06-11T09:44:00
United States,Consumer Price Index CPI,1971-11-30T00:00:00,41,Monthly,UNITEDSTACONPRIINDCP,2014-06-11T09:44:00
United States,Consumer Price Index CPI,1971-12-31T00:00:00,41.1,Monthly,UNITEDSTACONPRIINDCP,2014-06-11T09:44:00
United States,Consumer Price Index CPI,1972-01-31T00:00:00,41.2,Monthly,UNITEDSTACONPRIINDCP,2015-04-25T14:49:00
United States,Consumer Price Index CPI,1972-02-29T00:00:00,41.4,Monthly,UNITEDSTACONPRIINDCP,2014-06-11T09:44:00
United States,Consumer Price Index CPI,1972-03-31T00:00:00,41.4,Monthly,UNITEDSTACONPRIINDCP,2014-06-11T09:44:00
United States,Consumer Price Index CPI,1972-04-30T00:00:00,41.5,Monthly,UNITEDSTACONPRIINDCP,2015-04-25T14:49:00
United States,Consumer Price Index CPI,1972-05-31T00:00:00,41.6,Monthly,UNITEDSTACONPRIINDCP,2014-06-11T09:44:00
United States,Consumer Price Index CPI,1972-06-30T00:00:00,41.7,Monthly,UNITEDSTACONPRIINDCP,2014-06-11T09:44:00
United States,Consumer Price Index CPI,1972-07-31T00:00:00,41.8,Monthly,UNITEDSTACONPRIINDCP,2015-04-25T14:49:00
United States,Consumer Price Index CPI,1972-08-31T00:00:00,41.9,Monthly,UNITEDSTACONPRIINDCP,2014-06-11T09:44:00
United States,Consumer Price Index CPI,1972-09-30T00:00:00,42.1,Monthly,UNITEDSTACONPRIINDCP,2014-06-11T09:44:00
United States,Consumer Price Index CPI,1972-10-31T00:00:00,42.2,Monthly,UNITEDSTACONPRIINDCP,2015-04-25T14:49:00
United States,Consumer Price Index CPI,1972-11-30T00:00:00,42.4,Monthly,UNITEDSTACONPRIINDCP,2014-06-11T09:44:00
United States,Consumer Price Index CPI,1972-12-31T00:00:00,42.5,Monthly,UNITEDSTACONPRIINDCP,2014-06-11T09:44:00
United States,Consumer Price Index CPI,1973-01-31T00:00:00,42.7,Monthly,UNITEDSTACONPRIINDCP,2014-06-11T09:44:00
United States,Consumer Price Index CPI,1973-02-28T00:00:00,43,Monthly,UNITEDSTACONPRIINDCP,2014-06-11T09:44:00
United States,Consumer Price Index CPI,1973-03-31T00:00:00,43.4,Monthly,UNITEDSTACONPRIINDCP,2014-06-11T09:44:00
United States,Consumer Price Index CPI,1973-04-30T00:00:00,43.7,Monthly,UNITEDSTACONPRIINDCP,2015-04-25T14:49:00
United States,Consumer Price Index CPI,1973-05-31T00:00:00,43.9,Monthly,UNITEDSTACONPRIINDCP,2014-06-11T09:44:00
United States,Consumer Price Index CPI,1973-06-30T00:00:00,44.2,Monthly,UNITEDSTACONPRIINDCP,2014-06-11T09:44:00
United States,Consumer Price Index CPI,1973-07-31T00:00:00,44.2,Monthly,UNITEDSTACONPRIINDCP,2015-04-25T14:49:00
United States,Consumer Price Index CPI,1973-08-31T00:00:00,45,Monthly,UNITEDSTACONPRIINDCP,2014-06-11T09:44:00
United States,Consumer Price Index CPI,1973-09-30T00:00:00,45.2,Monthly,UNITEDSTACONPRIINDCP,2015-04-25T14:49:00
United States,Consumer Price Index CPI,1973-10-31T00:00:00,45.6,Monthly,UNITEDSTACONPRIINDCP,2014-06-11T09:44:00
United States,Consumer Price Index CPI,1973-11-30T00:00:00,45.9,Monthly,UNITEDSTACONPRIINDCP,2014-06-11T09:44:00
United States,Consumer Price Index CPI,1973-12-31T00:00:00,46.3,Monthly,UNITEDSTACONPRIINDCP,2015-04-25T14:49:00
United States,Consumer Price Index CPI,1974-01-31T00:00:00,46.8,Monthly,UNITEDSTACONPRIINDCP,2014-06-11T09:44:00
United States,Consumer Price Index CPI,1974-02-28T00:00:00,47.3,Monthly,UNITEDSTACONPRIINDCP,2014-06-11T09:44:00
United States,Consumer Price Index CPI,1974-03-31T00:00:00,47.8,Monthly,UNITEDSTACONPRIINDCP,2014-06-11T09:44:00
United States,Consumer Price Index CPI,1974-04-30T00:00:00,48.1,Monthly,UNITEDSTACONPRIINDCP,2014-06-11T09:44:00
United States,Consumer Price Index CPI,1974-05-31T00:00:00,48.6,Monthly,UNITEDSTACONPRIINDCP,2014-06-11T09:44:00
United States,Consumer Price Index CPI,1974-06-30T00:00:00,49,Monthly,UNITEDSTACONPRIINDCP,2015-04-25T14:49:00
United States,Consumer Price Index CPI,1974-07-31T00:00:00,49.3,Monthly,UNITEDSTACONPRIINDCP,2014-06-11T09:44:00
United States,Consumer Price Index CPI,1974-08-31T00:00:00,49.9,Monthly,UNITEDSTACONPRIINDCP,2014-06-11T09:44:00
United States,Consumer Price Index CPI,1974-09-30T00:00:00,50.6,Monthly,UNITEDSTACONPRIINDCP,2015-04-25T14:49:00
United States,Consumer Price Index CPI,1974-10-31T00:00:00,51,Monthly,UNITEDSTACONPRIINDCP,2014-06-11T09:44:00
United States,Consumer Price Index CPI,1974-11-30T00:00:00,51.5,Monthly,UNITEDSTACONPRIINDCP,2014-06-11T09:44:00
United States,Consumer Price Index CPI,1974-12-31T00:00:00,51.9,Monthly,UNITEDSTACONPRIINDCP,2015-04-25T14:49:00
United States,Consumer Price Index CPI,1975-01-31T00:00:00,52.3,Monthly,UNITEDSTACONPRIINDCP,2014-06-11T09:44:00
United States,Consumer Price Index CPI,1975-02-28T00:00:00,52.6,Monthly,UNITEDSTACONPRIINDCP,2015-04-25T14:49:00
United States,Consumer Price Index CPI,1975-03-31T00:00:00,52.8,Monthly,UNITEDSTACONPRIINDCP,2015-04-25T14:49:00
United States,Consumer Price Index CPI,1975-04-30T00:00:00,53,Monthly,UNITEDSTACONPRIINDCP,2014-06-11T09:44:00
United States,Consumer Price Index CPI,1975-05-31T00:00:00,53.1,Monthly,UNITEDSTACONPRIINDCP,2014-06-11T09:44:00
United States,Consumer Price Index CPI,1975-06-30T00:00:00,53.5,Monthly,UNITEDSTACONPRIINDCP,2015-04-25T14:49:00
United States,Consumer Price Index CPI,1975-07-31T00:00:00,54,Monthly,UNITEDSTACONPRIINDCP,2014-06-11T09:44:00
United States,Consumer Price Index CPI,1975-08-31T00:00:00,54.2,Monthly,UNITEDSTACONPRIINDCP,2014-06-11T09:44:00
United States,Consumer Price Index CPI,1975-09-30T00:00:00,54.6,Monthly,UNITEDSTACONPRIINDCP,2014-06-11T09:44:00
United States,Consumer Price Index CPI,1975-10-31T00:00:00,54.9,Monthly,UNITEDSTACONPRIINDCP,2014-06-11T09:44:00
United States,Consumer Price Index CPI,1975-11-30T00:00:00,55.3,Monthly,UNITEDSTACONPRIINDCP,2015-04-25T14:49:00
United States,Consumer Price Index CPI,1975-12-31T00:00:00,55.6,Monthly,UNITEDSTACONPRIINDCP,2014-06-11T09:44:00
United States,Consumer Price Index CPI,1976-01-31T00:00:00,55.8,Monthly,UNITEDSTACONPRIINDCP,2014-06-11T09:44:00
United States,Consumer Price Index CPI,1976-02-29T00:00:00,55.9,Monthly,UNITEDSTACONPRIINDCP,2015-04-25T14:49:00
United States,Consumer Price Index CPI,1976-03-31T00:00:00,56,Monthly,UNITEDSTACONPRIINDCP,2014-06-11T09:44:00
United States,Consumer Price Index CPI,1976-04-30T00:00:00,56.1,Monthly,UNITEDSTACONPRIINDCP,2014-06-11T09:44:00
United States,Consumer Price Index CPI,1976-05-31T00:00:00,56.4,Monthly,UNITEDSTACONPRIINDCP,2015-04-25T14:49:00
United States,Consumer Price Index CPI,1976-06-30T00:00:00,56.7,Monthly,UNITEDSTACONPRIINDCP,2014-06-11T09:44:00
United States,Consumer Price Index CPI,1976-07-31T00:00:00,57,Monthly,UNITEDSTACONPRIINDCP,2014-06-11T09:44:00
United States,Consumer Price Index CPI,1976-08-31T00:00:00,57.3,Monthly,UNITEDSTACONPRIINDCP,2015-04-25T14:49:00
United States,Consumer Price Index CPI,1976-09-30T00:00:00,57.6,Monthly,UNITEDSTACONPRIINDCP,2014-06-11T09:44:00
United States,Consumer Price Index CPI,1976-10-31T00:00:00,57.9,Monthly,UNITEDSTACONPRIINDCP,2014-06-11T09:44:00
United States,Consumer Price Index CPI,1976-11-30T00:00:00,58.1,Monthly,UNITEDSTACONPRIINDCP,2014-06-11T09:44:00
United States,Consumer Price Index CPI,1976-12-31T00:00:00,58.4,Monthly,UNITEDSTACONPRIINDCP,2014-06-11T09:44:00
United States,Consumer Price Index CPI,1977-01-31T00:00:00,58.7,Monthly,UNITEDSTACONPRIINDCP,2015-04-25T14:49:00
United States,Consumer Price Index CPI,1977-02-28T00:00:00,59.3,Monthly,UNITEDSTACONPRIINDCP,2014-06-11T09:44:00
United States,Consumer Price Index CPI,1977-03-31T00:00:00,59.6,Monthly,UNITEDSTACONPRIINDCP,2014-06-11T09:44:00
United States,Consumer Price Index CPI,1977-04-30T00:00:00,60,Monthly,UNITEDSTACONPRIINDCP,2014-06-11T09:44:00
United States,Consumer Price Index CPI,1977-05-31T00:00:00,60.2,Monthly,UNITEDSTACONPRIINDCP,2015-04-25T14:49:00
United States,Consumer Price Index CPI,1977-06-30T00:00:00,60.5,Monthly,UNITEDSTACONPRIINDCP,2014-06-11T09:44:00
United States,Consumer Price Index CPI,1977-07-31T00:00:00,60.8,Monthly,UNITEDSTACONPRIINDCP,2014-06-11T09:44:00
United States,Consumer Price Index CPI,1977-08-31T00:00:00,61.1,Monthly,UNITEDSTACONPRIINDCP,2014-06-11T09:44:00
United States,Consumer Price Index CPI,1977-09-30T00:00:00,61.3,Monthly,UNITEDSTACONPRIINDCP,2014-06-11T09:44:00
United States,Consumer Price Index CPI,1977-10-31T00:00:00,61.6,Monthly,UNITEDSTACONPRIINDCP,2015-04-25T14:49:00
United States,Consumer Price Index CPI,1977-11-30T00:00:00,62,Monthly,UNITEDSTACONPRIINDCP,2014-06-11T09:44:00
United States,Consumer Price Index CPI,1977-12-31T00:00:00,62.3,Monthly,UNITEDSTACONPRIINDCP,2014-06-11T09:44:00
United States,Consumer Price Index CPI,1978-01-31T00:00:00,62.7,Monthly,UNITEDSTACONPRIINDCP,2015-04-25T14:49:00
United States,Consumer Price Index CPI,1978-02-28T00:00:00,63,Monthly,UNITEDSTACONPRIINDCP,2014-06-11T09:44:00
United States,Consumer Price Index CPI,1978-03-31T00:00:00,63.4,Monthly,UNITEDSTACONPRIINDCP,2014-06-11T09:44:00
United States,Consumer Price Index CPI,1978-04-30T00:00:00,63.9,Monthly,UNITEDSTACONPRIINDCP,2015-04-25T14:49:00
United States,Consumer Price Index CPI,1978-05-31T00:00:00,64.5,Monthly,UNITEDSTACONPRIINDCP,2014-06-11T09:44:00
United States,Consumer Price Index CPI,1978-06-30T00:00:00,65,Monthly,UNITEDSTACONPRIINDCP,2014-06-11T09:44:00
United States,Consumer Price Index CPI,1978-07-31T00:00:00,65.5,Monthly,UNITEDSTACONPRIINDCP,2015-04-25T14:49:00
United States,Consumer Price Index CPI,1978-08-31T00:00:00,65.9,Monthly,UNITEDSTACONPRIINDCP,2014-06-11T09:44:00
United States,Consumer Price Index CPI,1978-09-30T00:00:00,66.5,Monthly,UNITEDSTACONPRIINDCP,2014-06-11T09:44:00
United States,Consumer Price Index CPI,1978-10-31T00:00:00,67.1,Monthly,UNITEDSTACONPRIINDCP,2015-04-25T14:49:00
United States,Consumer Price Index CPI,1978-11-30T00:00:00,67.5,Monthly,UNITEDSTACONPRIINDCP,2014-06-11T09:44:00
United States,Consumer Price Index CPI,1978-12-31T00:00:00,67.9,Monthly,UNITEDSTACONPRIINDCP,2014-06-11T09:44:00
United States,Consumer Price Index CPI,1979-01-31T00:00:00,68.5,Monthly,UNITEDSTACONPRIINDCP,2014-06-11T09:44:00
United States,Consumer Price Index CPI,1979-02-28T00:00:00,69.2,Monthly,UNITEDSTACONPRIINDCP,2014-06-11T09:44:00
United States,Consumer Price Index CPI,1979-03-31T00:00:00,69.9,Monthly,UNITEDSTACONPRIINDCP,2014-06-11T09:44:00
United States,Consumer Price Index CPI,1979-04-30T00:00:00,70.6,Monthly,UNITEDSTACONPRIINDCP,2015-04-25T14:49:00
United States,Consumer Price Index CPI,1979-05-31T00:00:00,71.4,Monthly,UNITEDSTACONPRIINDCP,2014-06-11T09:44:00
United States,Consumer Price Index CPI,1979-06-30T00:00:00,72.2,Monthly,UNITEDSTACONPRIINDCP,2014-06-11T09:44:00
United States,Consumer Price Index CPI,1979-07-31T00:00:00,73,Monthly,UNITEDSTACONPRIINDCP,2015-04-25T14:49:00
United States,Consumer Price Index CPI,1979-08-31T00:00:00,73.7,Monthly,UNITEDSTACONPRIINDCP,2014-06-11T09:44:00
United States,Consumer Price Index CPI,1979-09-30T00:00:00,74.4,Monthly,UNITEDSTACONPRIINDCP,2015-04-25T14:49:00
United States,Consumer Price Index CPI,1979-10-31T00:00:00,75.2,Monthly,UNITEDSTACONPRIINDCP,2014-06-11T09:44:00
United States,Consumer Price Index CPI,1979-11-30T00:00:00,76,Monthly,UNITEDSTACONPRIINDCP,2014-06-11T09:44:00
United States,Consumer Price Index CPI,1979-12-31T00:00:00,76.9,Monthly,UNITEDSTACONPRIINDCP,2015-04-25T14:49:00
United States,Consumer Price Index CPI,1980-01-31T00:00:00,78,Monthly,UNITEDSTACONPRIINDCP,2014-06-11T09:44:00
United States,Consumer Price Index CPI,1980-02-29T00:00:00,79,Monthly,UNITEDSTACONPRIINDCP,2014-06-11T09:44:00
United States,Consumer Price Index CPI,1980-03-31T00:00:00,80.1,Monthly,UNITEDSTACONPRIINDCP,2015-04-25T14:49:00
United States,Consumer Price Index CPI,1980-04-30T00:00:00,80.9,Monthly,UNITEDSTACONPRIINDCP,2014-06-11T09:44:00
United States,Consumer Price Index CPI,1980-05-31T00:00:00,81.7,Monthly,UNITEDSTACONPRIINDCP,2014-06-11T09:44:00
United States,Consumer Price Index CPI,1980-06-30T00:00:00,82.5,Monthly,UNITEDSTACONPRIINDCP,2015-04-25T14:49:00
United States,Consumer Price Index CPI,1980-07-31T00:00:00,82.6,Monthly,UNITEDSTACONPRIINDCP,2014-06-11T09:44:00
United States,Consumer Price Index CPI,1980-08-31T00:00:00,83.2,Monthly,UNITEDSTACONPRIINDCP,2014-06-11T09:44:00
United States,Consumer Price Index CPI,1980-09-30T00:00:00,83.9,Monthly,UNITEDSTACONPRIINDCP,2014-06-11T09:44:00
United States,Consumer Price Index CPI,1980-10-31T00:00:00,84.7,Monthly,UNITEDSTACONPRIINDCP,2014-06-11T09:44:00
United States,Consumer Price Index CPI,1980-11-30T00:00:00,85.6,Monthly,UNITEDSTACONPRIINDCP,2015-04-25T14:49:00
United States,Consumer Price Index CPI,1980-12-31T00:00:00,86.4,Monthly,UNITEDSTACONPRIINDCP,2014-06-11T09:44:00
United States,Consumer Price Index CPI,1981-01-31T00:00:00,87.2,Monthly,UNITEDSTACONPRIINDCP,2014-06-11T09:44:00
United States,Consumer Price Index CPI,1981-02-28T00:00:00,88,Monthly,UNITEDSTACONPRIINDCP,2015-04-25T14:49:00
United States,Consumer Price Index CPI,1981-03-31T00:00:00,88.6,Monthly,UNITEDSTACONPRIINDCP,2015-04-25T14:49:00
United States,Consumer Price Index CPI,1981-04-30T00:00:00,89.1,Monthly,UNITEDSTACONPRIINDCP,2014-06-11T09:44:00
United States,Consumer Price Index CPI,1981-05-31T00:00:00,89.7,Monthly,UNITEDSTACONPRIINDCP,2014-06-11T09:44:00
United States,Consumer Price Index CPI,1981-06-30T00:00:00,90.5,Monthly,UNITEDSTACONPRIINDCP,2014-06-11T09:44:00
United States,Consumer Price Index CPI,1981-07-31T00:00:00,91.5,Monthly,UNITEDSTACONPRIINDCP,2014-06-11T09:44:00
United States,Consumer Price Index CPI,1981-08-31T00:00:00,92.2,Monthly,UNITEDSTACONPRIINDCP,2015-04-25T14:49:00
United States,Consumer Price Index CPI,1981-09-30T00:00:00,93.1,Monthly,UNITEDSTACONPRIINDCP,2014-06-11T09:44:00
United States,Consumer Price Index CPI,1981-10-31T00:00:00,93.4,Monthly,UNITEDSTACONPRIINDCP,2014-06-11T09:44:00
United States,Consumer Price Index CPI,1981-11-30T00:00:00,93.8,Monthly,UNITEDSTACONPRIINDCP,2015-04-25T14:49:00
United States,Consumer Price Index CPI,1981-12-31T00:00:00,94.1,Monthly,UNITEDSTACONPRIINDCP,2014-06-11T09:44:00
United States,Consumer Price Index CPI,1982-01-31T00:00:00,94.4,Monthly,UNITEDSTACONPRIINDCP,2014-06-11T09:44:00
United States,Consumer Price Index CPI,1982-02-28T00:00:00,94.7,Monthly,UNITEDSTACONPRIINDCP,2014-06-11T09:44:00
United States,Consumer Price Index CPI,1982-03-31T00:00:00,94.7,Monthly,UNITEDSTACONPRIINDCP,2014-06-11T09:44:00
United States,Consumer Price Index CPI,1982-04-30T00:00:00,95,Monthly,UNITEDSTACONPRIINDCP,2014-06-11T09:44:00
United States,Consumer Price Index CPI,1982-05-31T00:00:00,95.9,Monthly,UNITEDSTACONPRIINDCP,2015-04-25T14:49:00
United States,Consumer Price Index CPI,1982-06-30T00:00:00,97,Monthly,UNITEDSTACONPRIINDCP,2014-06-11T09:44:00
United States,Consumer Price Index CPI,1982-07-31T00:00:00,97.5,Monthly,UNITEDSTACONPRIINDCP,2014-06-11T09:44:00
United States,Consumer Price Index CPI,1982-08-31T00:00:00,97.7,Monthly,UNITEDSTACONPRIINDCP,2015-04-25T14:49:00
United States,Consumer Price Index CPI,1982-09-30T00:00:00,97.7,Monthly,UNITEDSTACONPRIINDCP,2014-06-11T09:44:00
United States,Consumer Price Index CPI,1982-10-31T00:00:00,98.1,Monthly,UNITEDSTACONPRIINDCP,2014-06-11T09:44:00
United States,Consumer Price Index CPI,1982-11-30T00:00:00,98,Monthly,UNITEDSTACONPRIINDCP,2014-06-11T09:44:00
United States,Consumer Price Index CPI,1982-12-31T00:00:00,97.7,Monthly,UNITEDSTACONPRIINDCP,2014-06-11T09:44:00
United States,Consumer Price Index CPI,1983-01-31T00:00:00,97.9,Monthly,UNITEDSTACONPRIINDCP,2015-04-25T14:49:00
United States,Consumer Price Index CPI,1983-02-28T00:00:00,98,Monthly,UNITEDSTACONPRIINDCP,2014-06-11T09:44:00
United States,Consumer Price Index CPI,1983-03-31T00:00:00,98.1,Monthly,UNITEDSTACONPRIINDCP,2014-06-11T09:44:00
United States,Consumer Price Index CPI,1983-04-30T00:00:00,98.8,Monthly,UNITEDSTACONPRIINDCP,2014-06-11T09:44:00
United States,Consumer Price Index CPI,1983-05-31T00:00:00,99.2,Monthly,UNITEDSTACONPRIINDCP,2015-04-25T14:49:00
United States,Consumer Price Index CPI,1983-06-30T00:00:00,99.4,Monthly,UNITEDSTACONPRIINDCP,2014-06-11T09:44:00
United States,Consumer Price Index CPI,1983-07-31T00:00:00,99.8,Monthly,UNITEDSTACONPRIINDCP,2014-06-11T09:44:00
United States,Consumer Price Index CPI,1983-08-31T00:00:00,100.1,Monthly,UNITEDSTACONPRIINDCP,2014-06-11T09:44:00
United States,Consumer Price Index CPI,1983-09-30T00:00:00,100.4,Monthly,UNITEDSTACONPRIINDCP,2014-06-11T09:44:00
United States,Consumer Price Index CPI,1983-10-31T00:00:00,100.8,Monthly,UNITEDSTACONPRIINDCP,2015-04-25T14:49:00
United States,Consumer Price Index CPI,1983-11-30T00:00:00,101.1,Monthly,UNITEDSTACONPRIINDCP,2014-06-11T09:44:00
United States,Consumer Price Index CPI,1983-12-31T00:00:00,101.4,Monthly,UNITEDSTACONPRIINDCP,2014-06-11T09:44:00
United States,Consumer Price Index CPI,1984-01-31T00:00:00,102.1,Monthly,UNITEDSTACONPRIINDCP,2015-04-25T14:49:00
United States,Consumer Price Index CPI,1984-02-29T00:00:00,102.6,Monthly,UNITEDSTACONPRIINDCP,2014-06-11T09:44:00
United States,Consumer Price Index CPI,1984-03-31T00:00:00,102.9,Monthly,UNITEDSTACONPRIINDCP,2014-06-11T09:44:00
United States,Consumer Price Index CPI,1984-04-30T00:00:00,103.3,Monthly,UNITEDSTACONPRIINDCP,2015-04-25T14:49:00
United States,Consumer Price Index CPI,1984-05-31T00:00:00,103.5,Monthly,UNITEDSTACONPRIINDCP,2014-06-11T09:44:00
United States,Consumer Price Index CPI,1984-06-30T00:00:00,103.7,Monthly,UNITEDSTACONPRIINDCP,2014-06-11T09:44:00
United States,Consumer Price Index CPI,1984-07-31T00:00:00,104.1,Monthly,UNITEDSTACONPRIINDCP,2015-04-25T14:49:00
United States,Consumer Price Index CPI,1984-08-31T00:00:00,104.4,Monthly,UNITEDSTACONPRIINDCP,2014-06-11T09:44:00
United States,Consumer Price Index CPI,1984-09-30T00:00:00,104.7,Monthly,UNITEDSTACONPRIINDCP,2015-04-25T14:49:00
United States,Consumer Price Index CPI,1984-10-31T00:00:00,105.1,Monthly,UNITEDSTACONPRIINDCP,2014-06-11T09:44:00
United States,Consumer Price Index CPI,1984-11-30T00:00:00,105.3,Monthly,UNITEDSTACONPRIINDCP,2014-06-11T09:44:00
United States,Consumer Price Index CPI,1984-12-31T00:00:00,105.5,Monthly,UNITEDSTACONPRIINDCP,2015-04-25T14:49:00
United States,Consumer Price Index CPI,1985-01-31T00:00:00,105.7,Monthly,UNITEDSTACONPRIINDCP,2014-06-11T09:44:00
United States,Consumer Price Index CPI,1985-02-28T00:00:00,106.3,Monthly,UNITEDSTACONPRIINDCP,2014-06-11T09:44:00
United States,Consumer Price Index CPI,1985-03-31T00:00:00,106.8,Monthly,UNITEDSTACONPRIINDCP,2014-06-11T09:44:00
United States,Consumer Price Index CPI,1985-04-30T00:00:00,107,Monthly,UNITEDSTACONPRIINDCP,2014-06-11T09:44:00
United States,Consumer Price Index CPI,1985-05-31T00:00:00,107.2,Monthly,UNITEDSTACONPRIINDCP,2014-06-11T09:44:00
United States,Consumer Price Index CPI,1985-06-30T00:00:00,107.5,Monthly,UNITEDSTACONPRIINDCP,2015-04-25T14:49:00
United States,Consumer Price Index CPI,1985-07-31T00:00:00,107.7,Monthly,UNITEDSTACONPRIINDCP,2014-06-11T09:44:00
United States,Consumer Price Index CPI,1985-08-31T00:00:00,107.9,Monthly,UNITEDSTACONPRIINDCP,2014-06-11T09:44:00
United States,Consumer Price Index CPI,1985-09-30T00:00:00,108.1,Monthly,UNITEDSTACONPRIINDCP,2015-04-25T14:49:00
United States,Consumer Price Index CPI,1985-10-31T00:00:00,108.5,Monthly,UNITEDSTACONPRIINDCP,2014-06-11T09:44:00
United States,Consumer Price Index CPI,1985-11-30T00:00:00,109,Monthly,UNITEDSTACONPRIINDCP,2014-06-11T09:44:00
United States,Consumer Price Index CPI,1985-12-31T00:00:00,109.5,Monthly,UNITEDSTACONPRIINDCP,2015-04-25T14:49:00
United States,Consumer Price Index CPI,1986-01-31T00:00:00,109.9,Monthly,UNITEDSTACONPRIINDCP,2014-06-11T09:44:00
United States,Consumer Price Index CPI,1986-02-28T00:00:00,109.7,Monthly,UNITEDSTACONPRIINDCP,2015-04-25T14:49:00
United States,Consumer Price Index CPI,1986-03-31T00:00:00,109.1,Monthly,UNITEDSTACONPRIINDCP,2015-04-25T14:49:00
United States,Consumer Price Index CPI,1986-04-30T00:00:00,108.7,Monthly,UNITEDSTACONPRIINDCP,2014-06-11T09:44:00
United States,Consumer Price Index CPI,1986-05-31T00:00:00,109,Monthly,UNITEDSTACONPRIINDCP,2014-06-11T09:44:00
United States,Consumer Price Index CPI,1986-06-30T00:00:00,109.4,Monthly,UNITEDSTACONPRIINDCP,2015-04-25T14:49:00
United States,Consumer Price Index CPI,1986-07-31T00:00:00,109.5,Monthly,UNITEDSTACONPRIINDCP,2014-06-11T09:44:00
United States,Consumer Price Index CPI,1986-08-31T00:00:00,109.6,Monthly,UNITEDSTACONPRIINDCP,2014-06-11T09:44:00
United States,Consumer Price Index CPI,1986-09-30T00:00:00,110,Monthly,UNITEDSTACONPRIINDCP,2014-06-11T09:44:00
United States,Consumer Price Index CPI,1986-10-31T00:00:00,110.2,Monthly,UNITEDSTACONPRIINDCP,2014-06-11T09:44:00
United States,Consumer Price Index CPI,1986-11-30T00:00:00,110.4,Monthly,UNITEDSTACONPRIINDCP,2015-04-25T14:49:00
United States,Consumer Price Index CPI,1986-12-31T00:00:00,110.8,Monthly,UNITEDSTACONPRIINDCP,2014-06-11T09:44:00
United States,Consumer Price Index CPI,1987-01-31T00:00:00,111.4,Monthly,UNITEDSTACONPRIINDCP,2014-06-11T09:44:00
United States,Consumer Price Index CPI,1987-02-28T00:00:00,111.8,Monthly,UNITEDSTACONPRIINDCP,2015-04-25T14:49:00
United States,Consumer Price Index CPI,1987-03-31T00:00:00,112.2,Monthly,UNITEDSTACONPRIINDCP,2015-04-25T14:49:00
United States,Consumer Price Index CPI,1987-04-30T00:00:00,112.7,Monthly,UNITEDSTACONPRIINDCP,2014-06-11T09:44:00
United States,Consumer Price Index CPI,1987-05-31T00:00:00,113,Monthly,UNITEDSTACONPRIINDCP,2014-06-11T09:44:00
United States,Consumer Price Index CPI,1987-06-30T00:00:00,113.5,Monthly,UNITEDSTACONPRIINDCP,2014-06-11T09:44:00
United States,Consumer Price Index CPI,1987-07-31T00:00:00,113.8,Monthly,UNITEDSTACONPRIINDCP,2014-06-11T09:44:00
United States,Consumer Price Index CPI,1987-08-31T00:00:00,114.3,Monthly,UNITEDSTACONPRIINDCP,2015-04-25T14:49:00
United States,Consumer Price Index CPI,1987-09-30T00:00:00,114.7,Monthly,UNITEDSTACONPRIINDCP,2014-06-11T09:44:00
United States,Consumer Price Index CPI,1987-10-31T00:00:00,115,Monthly,UNITEDSTACONPRIINDCP,2014-06-11T09:44:00
United States,Consumer Price Index CPI,1987-11-30T00:00:00,115.4,Monthly,UNITEDSTACONPRIINDCP,2015-04-25T14:49:00
United States,Consumer Price Index CPI,1987-12-31T00:00:00,115.6,Monthly,UNITEDSTACONPRIINDCP,2014-06-11T09:44:00
United States,Consumer Price Index CPI,1988-01-31T00:00:00,116,Monthly,UNITEDSTACONPRIINDCP,2014-06-11T09:44:00
United States,Consumer Price Index CPI,1988-02-29T00:00:00,116.2,Monthly,UNITEDSTACONPRIINDCP,2014-06-11T09:44:00
United States,Consumer Price Index CPI,1988-03-31T00:00:00,116.5,Monthly,UNITEDSTACONPRIINDCP,2014-06-11T09:44:00
United States,Consumer Price Index CPI,1988-04-30T00:00:00,117.2,Monthly,UNITEDSTACONPRIINDCP,2014-06-11T09:44:00
United States,Consumer Price Index CPI,1988-05-31T00:00:00,117.5,Monthly,UNITEDSTACONPRIINDCP,2015-04-25T14:49:00
United States,Consumer Price Index CPI,1988-06-30T00:00:00,118,Monthly,UNITEDSTACONPRIINDCP,2014-06-11T09:44:00
United States,Consumer Price Index CPI,1988-07-31T00:00:00,118.5,Monthly,UNITEDSTACONPRIINDCP,2014-06-11T09:44:00
United States,Consumer Price Index CPI,1988-08-31T00:00:00,119,Monthly,UNITEDSTACONPRIINDCP,2014-06-11T09:44:00
United States,Consumer Price Index CPI,1988-09-30T00:00:00,119.5,Monthly,UNITEDSTACONPRIINDCP,2014-06-11T09:44:00
United States,Consumer Price Index CPI,1988-10-31T00:00:00,119.9,Monthly,UNITEDSTACONPRIINDCP,2015-04-25T14:49:00
United States,Consumer Price Index CPI,1988-11-30T00:00:00,120.3,Monthly,UNITEDSTACONPRIINDCP,2014-06-11T09:44:00
United States,Consumer Price Index CPI,1988-12-31T00:00:00,120.7,Monthly,UNITEDSTACONPRIINDCP,2014-06-11T09:44:00
United States,Consumer Price Index CPI,1989-01-31T00:00:00,121.2,Monthly,UNITEDSTACONPRIINDCP,2015-04-25T14:49:00
United States,Consumer Price Index CPI,1989-02-28T00:00:00,121.6,Monthly,UNITEDSTACONPRIINDCP,2014-06-11T09:44:00
United States,Consumer Price Index CPI,1989-03-31T00:00:00,122.2,Monthly,UNITEDSTACONPRIINDCP,2014-06-11T09:44:00
United States,Consumer Price Index CPI,1989-04-30T00:00:00,123.1,Monthly,UNITEDSTACONPRIINDCP,2015-04-25T14:49:00
United States,Consumer Price Index CPI,1989-05-31T00:00:00,123.7,Monthly,UNITEDSTACONPRIINDCP,2014-06-11T09:44:00
United States,Consumer Price Index CPI,1989-06-30T00:00:00,124.1,Monthly,UNITEDSTACONPRIINDCP,2014-06-11T09:44:00
United States,Consumer Price Index CPI,1989-07-31T00:00:00,124.5,Monthly,UNITEDSTACONPRIINDCP,2015-04-25T14:49:00
United States,Consumer Price Index CPI,1989-08-31T00:00:00,124.5,Monthly,UNITEDSTACONPRIINDCP,2014-06-11T09:44:00
United States,Consumer Price Index CPI,1989-09-30T00:00:00,124.8,Monthly,UNITEDSTACONPRIINDCP,2014-06-11T09:44:00
United States,Consumer Price Index CPI,1989-10-31T00:00:00,125.4,Monthly,UNITEDSTACONPRIINDCP,2015-04-25T14:49:00
United States,Consumer Price Index CPI,1989-11-30T00:00:00,125.9,Monthly,UNITEDSTACONPRIINDCP,2014-06-11T09:44:00
United States,Consumer Price Index CPI,1989-12-31T00:00:00,126.3,Monthly,UNITEDSTACONPRIINDCP,2014-06-11T09:44:00
United States,Consumer Price Index CPI,1990-01-31T00:00:00,127.5,Monthly,UNITEDSTACONPRIINDCP,2014-06-11T09:44:00
United States,Consumer Price Index CPI,1990-02-28T00:00:00,128,Monthly,UNITEDSTACONPRIINDCP,2014-06-11T09:44:00
United States,Consumer Price Index CPI,1990-03-31T00:00:00,128.6,Monthly,UNITEDSTACONPRIINDCP,2014-06-11T09:44:00
United States,Consumer Price Index CPI,1990-04-30T00:00:00,128.9,Monthly,UNITEDSTACONPRIINDCP,2015-04-25T14:49:00
United States,Consumer Price Index CPI,1990-05-31T00:00:00,129.1,Monthly,UNITEDSTACONPRIINDCP,2014-06-11T09:44:00
United States,Consumer Price Index CPI,1990-06-30T00:00:00,129.9,Monthly,UNITEDSTACONPRIINDCP,2014-06-11T09:44:00
United States,Consumer Price Index CPI,1990-07-31T00:00:00,130.5,Monthly,UNITEDSTACONPRIINDCP,2015-04-25T14:49:00
United States,Consumer Price Index CPI,1990-08-31T00:00:00,131.6,Monthly,UNITEDSTACONPRIINDCP,2014-06-11T09:44:00
United States,Consumer Price Index CPI,1990-09-30T00:00:00,132.5,Monthly,UNITEDSTACONPRIINDCP,2015-04-25T14:49:00
United States,Consumer Price Index CPI,1990-10-31T00:00:00,133.4,Monthly,UNITEDSTACONPRIINDCP,2014-06-11T09:44:00
United States,Consumer Price Index CPI,1990-11-30T00:00:00,133.7,Monthly,UNITEDSTACONPRIINDCP,2014-06-11T09:44:00
United States,Consumer Price Index CPI,1990-12-31T00:00:00,134.2,Monthly,UNITEDSTACONPRIINDCP,2015-04-25T14:49:00
United States,Consumer Price Index CPI,1991-01-31T00:00:00,134.7,Monthly,UNITEDSTACONPRIINDCP,2014-06-11T09:44:00
United States,Consumer Price Index CPI,1991-02-28T00:00:00,134.8,Monthly,UNITEDSTACONPRIINDCP,2014-06-11T09:44:00
United States,Consumer Price Index CPI,1991-03-31T00:00:00,134.8,Monthly,UNITEDSTACONPRIINDCP,2014-06-11T09:44:00
United States,Consumer Price Index CPI,1991-04-30T00:00:00,135.1,Monthly,UNITEDSTACONPRIINDCP,2014-06-11T09:44:00
United States,Consumer Price Index CPI,1991-05-31T00:00:00,135.6,Monthly,UNITEDSTACONPRIINDCP,2014-06-11T09:44:00
United States,Consumer Price Index CPI,1991-06-30T00:00:00,136,Monthly,UNITEDSTACONPRIINDCP,2015-04-25T14:49:00
United States,Consumer Price Index CPI,1991-07-31T00:00:00,136.2,Monthly,UNITEDSTACONPRIINDCP,2014-06-11T09:44:00
United States,Consumer Price Index CPI,1991-08-31T00:00:00,136.6,Monthly,UNITEDSTACONPRIINDCP,2014-06-11T09:44:00
United States,Consumer Price Index CPI,1991-09-30T00:00:00,137,Monthly,UNITEDSTACONPRIINDCP,2015-04-25T14:49:00
United States,Consumer Price Index CPI,1991-10-31T00:00:00,137.2,Monthly,UNITEDSTACONPRIINDCP,2014-06-11T09:44:00
United States,Consumer Price Index CPI,1991-11-30T00:00:00,137.8,Monthly,UNITEDSTACONPRIINDCP,2014-06-11T09:44:00
United States,Consumer Price Index CPI,1991-12-31T00:00:00,138.2,Monthly,UNITEDSTACONPRIINDCP,2015-04-25T14:49:00
United States,Consumer Price Index CPI,1992-01-31T00:00:00,138.3,Monthly,UNITEDSTACONPRIINDCP,2014-06-11T09:44:00
United States,Consumer Price Index CPI,1992-02-29T00:00:00,138.6,Monthly,UNITEDSTACONPRIINDCP,2015-04-25T14:49:00
United States,Consumer Price Index CPI,1992-03-31T00:00:00,139.1,Monthly,UNITEDSTACONPRIINDCP,2015-04-25T14:49:00
United States,Consumer Price Index CPI,1992-04-30T00:00:00,139.4,Monthly,UNITEDSTACONPRIINDCP,2014-06-11T09:44:00
United States,Consumer Price Index CPI,1992-05-31T00:00:00,139.7,Monthly,UNITEDSTACONPRIINDCP,2014-06-11T09:44:00
United States,Consumer Price Index CPI,1992-06-30T00:00:00,140.1,Monthly,UNITEDSTACONPRIINDCP,2014-06-11T09:44:00
United States,Consumer Price Index CPI,1992-07-31T00:00:00,140.5,Monthly,UNITEDSTACONPRIINDCP,2014-06-11T09:44:00
United States,Consumer Price Index CPI,1992-08-31T00:00:00,140.8,Monthly,UNITEDSTACONPRIINDCP,2015-04-25T14:49:00
United States,Consumer Price Index CPI,1992-09-30T00:00:00,141.1,Monthly,UNITEDSTACONPRIINDCP,2014-06-11T09:44:00
United States,Consumer Price Index CPI,1992-10-31T00:00:00,141.7,Monthly,UNITEDSTACONPRIINDCP,2014-06-11T09:44:00
United States,Consumer Price Index CPI,1992-11-30T00:00:00,142.1,Monthly,UNITEDSTACONPRIINDCP,2015-04-25T14:49:00
United States,Consumer Price Index CPI,1992-12-31T00:00:00,142.3,Monthly,UNITEDSTACONPRIINDCP,2014-06-11T09:44:00
United States,Consumer Price Index CPI,1993-01-31T00:00:00,142.8,Monthly,UNITEDSTACONPRIINDCP,2014-06-11T09:44:00
United States,Consumer Price Index CPI,1993-02-28T00:00:00,143.1,Monthly,UNITEDSTACONPRIINDCP,2014-06-11T09:44:00
United States,Consumer Price Index CPI,1993-03-31T00:00:00,143.3,Monthly,UNITEDSTACONPRIINDCP,2014-06-11T09:44:00
United States,Consumer Price Index CPI,1993-04-30T00:00:00,143.8,Monthly,UNITEDSTACONPRIINDCP,2014-06-11T09:44:00
United States,Consumer Price Index CPI,1993-05-31T00:00:00,144.2,Monthly,UNITEDSTACONPRIINDCP,2015-04-25T14:49:00
United States,Consumer Price Index CPI,1993-06-30T00:00:00,144.3,Monthly,UNITEDSTACONPRIINDCP,2014-06-11T09:44:00
United States,Consumer Price Index CPI,1993-07-31T00:00:00,144.5,Monthly,UNITEDSTACONPRIINDCP,2014-06-11T09:44:00
United States,Consumer Price Index CPI,1993-08-31T00:00:00,144.8,Monthly,UNITEDSTACONPRIINDCP,2015-04-25T14:49:00
United States,Consumer Price Index CPI,1993-09-30T00:00:00,145,Monthly,UNITEDSTACONPRIINDCP,2014-06-11T09:44:00
United States,Consumer Price Index CPI,1993-10-31T00:00:00,145.6,Monthly,UNITEDSTACONPRIINDCP,2014-06-11T09:44:00
United States,Consumer Price Index CPI,1993-11-30T00:00:00,146,Monthly,UNITEDSTACONPRIINDCP,2014-06-11T09:44:00
United States,Consumer Price Index CPI,1993-12-31T00:00:00,146.3,Monthly,UNITEDSTACONPRIINDCP,2014-06-11T09:44:00
United States,Consumer Price Index CPI,1994-01-31T00:00:00,146.3,Monthly,UNITEDSTACONPRIINDCP,2015-04-25T14:49:00
United States,Consumer Price Index CPI,1994-02-28T00:00:00,146.7,Monthly,UNITEDSTACONPRIINDCP,2014-06-11T09:44:00
United States,Consumer Price Index CPI,1994-03-31T00:00:00,147.1,Monthly,UNITEDSTACONPRIINDCP,2014-06-11T09:44:00
United States,Consumer Price Index CPI,1994-04-30T00:00:00,147.2,Monthly,UNITEDSTACONPRIINDCP,2014-06-11T09:44:00
United States,Consumer Price Index CPI,1994-05-31T00:00:00,147.5,Monthly,UNITEDSTACONPRIINDCP,2015-04-25T14:49:00
United States,Consumer Price Index CPI,1994-06-30T00:00:00,147.9,Monthly,UNITEDSTACONPRIINDCP,2014-06-11T09:44:00
United States,Consumer Price Index CPI,1994-07-31T00:00:00,148.4,Monthly,UNITEDSTACONPRIINDCP,2014-06-11T09:44:00
United States,Consumer Price Index CPI,1994-08-31T00:00:00,149,Monthly,UNITEDSTACONPRIINDCP,2014-06-11T09:44:00
United States,Consumer Price Index CPI,1994-09-30T00:00:00,149.3,Monthly,UNITEDSTACONPRIINDCP,2014-06-11T09:44:00
United States,Consumer Price Index CPI,1994-10-31T00:00:00,149.4,Monthly,UNITEDSTACONPRIINDCP,2015-04-25T14:49:00
United States,Consumer Price Index CPI,1994-11-30T00:00:00,149.8,Monthly,UNITEDSTACONPRIINDCP,2014-06-11T09:44:00
United States,Consumer Price Index CPI,1994-12-31T00:00:00,150.1,Monthly,UNITEDSTACONPRIINDCP,2014-06-11T09:44:00
United States,Consumer Price Index CPI,1995-01-31T00:00:00,150.5,Monthly,UNITEDSTACONPRIINDCP,2015-04-25T14:49:00
United States,Consumer Price Index CPI,1995-02-28T00:00:00,150.9,Monthly,UNITEDSTACONPRIINDCP,2014-06-11T09:44:00
United States,Consumer Price Index CPI,1995-03-31T00:00:00,151.2,Monthly,UNITEDSTACONPRIINDCP,2014-06-11T09:44:00
United States,Consumer Price Index CPI,1995-04-30T00:00:00,151.8,Monthly,UNITEDSTACONPRIINDCP,2015-04-25T14:49:00
United States,Consumer Price Index CPI,1995-05-31T00:00:00,152.1,Monthly,UNITEDSTACONPRIINDCP,2014-06-11T09:44:00
United States,Consumer Price Index CPI,1995-06-30T00:00:00,152.4,Monthly,UNITEDSTACONPRIINDCP,2014-06-11T09:44:00
United States,Consumer Price Index CPI,1995-07-31T00:00:00,152.6,Monthly,UNITEDSTACONPRIINDCP,2015-04-25T14:49:00
United States,Consumer Price Index CPI,1995-08-31T00:00:00,152.9,Monthly,UNITEDSTACONPRIINDCP,2014-06-11T09:44:00
United States,Consumer Price Index CPI,1995-09-30T00:00:00,153.1,Monthly,UNITEDSTACONPRIINDCP,2014-06-11T09:44:00
United States,Consumer Price Index CPI,1995-10-31T00:00:00,153.5,Monthly,UNITEDSTACONPRIINDCP,2015-04-25T14:49:00
United States,Consumer Price Index CPI,1995-11-30T00:00:00,153.7,Monthly,UNITEDSTACONPRIINDCP,2014-06-11T09:44:00
United States,Consumer Price Index CPI,1995-12-31T00:00:00,153.9,Monthly,UNITEDSTACONPRIINDCP,2014-06-11T09:44:00
United States,Consumer Price Index CPI,1996-01-31T00:00:00,154.7,Monthly,UNITEDSTACONPRIINDCP,2014-06-11T09:44:00
United States,Consumer Price Index CPI,1996-02-29T00:00:00,155,Monthly,UNITEDSTACONPRIINDCP,2014-06-11T09:44:00
United States,Consumer Price Index CPI,1996-03-31T00:00:00,155.5,Monthly,UNITEDSTACONPRIINDCP,2014-06-11T09:44:00
United States,Consumer Price Index CPI,1996-04-30T00:00:00,156.1,Monthly,UNITEDSTACONPRIINDCP,2014-06-11T09:44:00
United States,Consumer Price Index CPI,1996-05-31T00:00:00,156.4,Monthly,UNITEDSTACONPRIINDCP,2014-06-11T09:44:00
United States,Consumer Price Index CPI,1996-06-30T00:00:00,156.7,Monthly,UNITEDSTACONPRIINDCP,2015-04-25T14:49:00
United States,Consumer Price Index CPI,1996-07-31T00:00:00,157,Monthly,UNITEDSTACONPRIINDCP,2014-06-11T09:44:00
United States,Consumer Price Index CPI,1996-08-31T00:00:00,157.2,Monthly,UNITEDSTACONPRIINDCP,2014-06-11T09:44:00
United States,Consumer Price Index CPI,1996-09-30T00:00:00,157.7,Monthly,UNITEDSTACONPRIINDCP,2015-04-25T14:49:00
United States,Consumer Price Index CPI,1996-10-31T00:00:00,158.2,Monthly,UNITEDSTACONPRIINDCP,2014-06-11T09:44:00
United States,Consumer Price Index CPI,1996-11-30T00:00:00,158.7,Monthly,UNITEDSTACONPRIINDCP,2014-06-11T09:44:00
United States,Consumer Price Index CPI,1996-12-31T00:00:00,159.1,Monthly,UNITEDSTACONPRIINDCP,2015-04-25T14:49:00
United States,Consumer Price Index CPI,1997-01-31T00:00:00,159.4,Monthly,UNITEDSTACONPRIINDCP,2014-06-11T09:44:00
United States,Consumer Price Index CPI,1997-02-28T00:00:00,159.7,Monthly,UNITEDSTACONPRIINDCP,2015-04-25T14:49:00
United States,Consumer Price Index CPI,1997-03-31T00:00:00,159.8,Monthly,UNITEDSTACONPRIINDCP,2015-04-25T14:49:00
United States,Consumer Price Index CPI,1997-04-30T00:00:00,159.9,Monthly,UNITEDSTACONPRIINDCP,2014-06-11T09:44:00
United States,Consumer Price Index CPI,1997-05-31T00:00:00,159.9,Monthly,UNITEDSTACONPRIINDCP,2014-06-11T09:44:00
United States,Consumer Price Index CPI,1997-06-30T00:00:00,160.2,Monthly,UNITEDSTACONPRIINDCP,2015-04-25T14:49:00
United States,Consumer Price Index CPI,1997-07-31T00:00:00,160.4,Monthly,UNITEDSTACONPRIINDCP,2014-06-11T09:44:00
United States,Consumer Price Index CPI,1997-08-31T00:00:00,160.8,Monthly,UNITEDSTACONPRIINDCP,2014-06-11T09:44:00
United States,Consumer Price Index CPI,1997-09-30T00:00:00,161.2,Monthly,UNITEDSTACONPRIINDCP,2014-06-11T09:44:00
United States,Consumer Price Index CPI,1997-10-31T00:00:00,161.5,Monthly,UNITEDSTACONPRIINDCP,2014-06-11T09:44:00
United States,Consumer Price Index CPI,1997-11-30T00:00:00,161.7,Monthly,UNITEDSTACONPRIINDCP,2015-04-25T14:49:00
United States,Consumer Price Index CPI,1997-12-31T00:00:00,161.8,Monthly,UNITEDSTACONPRIINDCP,2014-06-11T09:44:00
United States,Consumer Price Index CPI,1998-01-31T00:00:00,162,Monthly,UNITEDSTACONPRIINDCP,2014-06-11T09:44:00
United States,Consumer Price Index CPI,1998-02-28T00:00:00,162,Monthly,UNITEDSTACONPRIINDCP,2015-04-25T14:49:00
United States,Consumer Price Index CPI,1998-03-31T00:00:00,162,Monthly,UNITEDSTACONPRIINDCP,2015-04-25T14:49:00
United States,Consumer Price Index CPI,1998-04-30T00:00:00,162.2,Monthly,UNITEDSTACONPRIINDCP,2014-06-11T09:44:00
United States,Consumer Price Index CPI,1998-05-31T00:00:00,162.6,Monthly,UNITEDSTACONPRIINDCP,2014-06-11T09:44:00
United States,Consumer Price Index CPI,1998-06-30T00:00:00,162.8,Monthly,UNITEDSTACONPRIINDCP,2014-06-11T09:44:00
United States,Consumer Price Index CPI,1998-07-31T00:00:00,163.2,Monthly,UNITEDSTACONPRIINDCP,2014-06-11T09:44:00
United States,Consumer Price Index CPI,1998-08-31T00:00:00,163.4,Monthly,UNITEDSTACONPRIINDCP,2015-04-25T14:49:00
United States,Consumer Price Index CPI,1998-09-30T00:00:00,163.5,Monthly,UNITEDSTACONPRIINDCP,2014-06-11T09:44:00
United States,Consumer Price Index CPI,1998-10-31T00:00:00,163.9,Monthly,UNITEDSTACONPRIINDCP,2014-06-11T09:44:00
United States,Consumer Price Index CPI,1998-11-30T00:00:00,164.1,Monthly,UNITEDSTACONPRIINDCP,2015-04-25T14:49:00
United States,Consumer Price Index CPI,1998-12-31T00:00:00,164.4,Monthly,UNITEDSTACONPRIINDCP,2014-06-11T09:44:00
United States,Consumer Price Index CPI,1999-01-31T00:00:00,164.7,Monthly,UNITEDSTACONPRIINDCP,2014-06-11T09:44:00
United States,Consumer Price Index CPI,1999-02-28T00:00:00,164.7,Monthly,UNITEDSTACONPRIINDCP,2014-06-11T09:44:00
United States,Consumer Price Index CPI,1999-03-31T00:00:00,164.8,Monthly,UNITEDSTACONPRIINDCP,2014-06-11T09:44:00
United States,Consumer Price Index CPI,1999-04-30T00:00:00,165.9,Monthly,UNITEDSTACONPRIINDCP,2014-06-11T09:44:00
United States,Consumer Price Index CPI,1999-05-31T00:00:00,166,Monthly,UNITEDSTACONPRIINDCP,2015-04-25T14:49:00
United States,Consumer Price Index CPI,1999-06-30T00:00:00,166,Monthly,UNITEDSTACONPRIINDCP,2014-06-11T09:44:00
United States,Consumer Price Index CPI,1999-07-31T00:00:00,166.7,Monthly,UNITEDSTACONPRIINDCP,2014-06-11T09:44:00
United States,Consumer Price Index CPI,1999-08-31T00:00:00,167.1,Monthly,UNITEDSTACONPRIINDCP,2015-04-25T14:49:00
United States,Consumer Price Index CPI,1999-09-30T00:00:00,167.8,Monthly,UNITEDSTACONPRIINDCP,2014-06-11T09:44:00
United States,Consumer Price Index CPI,1999-10-31T00:00:00,168.1,Monthly,UNITEDSTACONPRIINDCP,2014-06-11T09:44:00
United States,Consumer Price Index CPI,1999-11-30T00:00:00,168.4,Monthly,UNITEDSTACONPRIINDCP,2014-06-11T09:44:00
United States,Consumer Price Index CPI,1999-12-31T00:00:00,168.8,Monthly,UNITEDSTACONPRIINDCP,2014-06-11T09:44:00
United States,Consumer Price Index CPI,2000-01-31T00:00:00,169.3,Monthly,UNITEDSTACONPRIINDCP,2015-04-25T14:49:00
United States,Consumer Price Index CPI,2000-02-29T00:00:00,170,Monthly,UNITEDSTACONPRIINDCP,2014-06-11T09:44:00
United States,Consumer Price Index CPI,2000-03-31T00:00:00,171,Monthly,UNITEDSTACONPRIINDCP,2014-06-11T09:44:00
United States,Consumer Price Index CPI,2000-04-30T00:00:00,170.9,Monthly,UNITEDSTACONPRIINDCP,2015-04-25T14:49:00
United States,Consumer Price Index CPI,2000-05-31T00:00:00,171.2,Monthly,UNITEDSTACONPRIINDCP,2014-06-11T09:44:00
United States,Consumer Price Index CPI,2000-06-30T00:00:00,172.2,Monthly,UNITEDSTACONPRIINDCP,2014-06-11T09:44:00
United States,Consumer Price Index CPI,2000-07-31T00:00:00,172.7,Monthly,UNITEDSTACONPRIINDCP,2015-04-25T14:49:00
United States,Consumer Price Index CPI,2000-08-31T00:00:00,172.7,Monthly,UNITEDSTACONPRIINDCP,2014-06-11T09:44:00
United States,Consumer Price Index CPI,2000-09-30T00:00:00,173.6,Monthly,UNITEDSTACONPRIINDCP,2014-06-11T09:44:00
United States,Consumer Price Index CPI,2000-10-31T00:00:00,173.9,Monthly,UNITEDSTACONPRIINDCP,2015-04-25T14:49:00
United States,Consumer Price Index CPI,2000-11-30T00:00:00,174.2,Monthly,UNITEDSTACONPRIINDCP,2014-06-11T09:44:00
United States,Consumer Price Index CPI,2000-12-31T00:00:00,174.6,Monthly,UNITEDSTACONPRIINDCP,2014-06-11T09:44:00
United States,Consumer Price Index CPI,2001-01-31T00:00:00,175.6,Monthly,UNITEDSTACONPRIINDCP,2014-06-11T09:44:00
United States,Consumer Price Index CPI,2001-02-28T00:00:00,176,Monthly,UNITEDSTACONPRIINDCP,2014-06-11T09:44:00
United States,Consumer Price Index CPI,2001-03-31T00:00:00,176.1,Monthly,UNITEDSTACONPRIINDCP,2014-06-11T09:44:00
United States,Consumer Price Index CPI,2001-04-30T00:00:00,176.4,Monthly,UNITEDSTACONPRIINDCP,2015-04-25T14:49:00
United States,Consumer Price Index CPI,2001-05-31T00:00:00,177.3,Monthly,UNITEDSTACONPRIINDCP,2014-06-11T09:44:00
United States,Consumer Price Index CPI,2001-06-30T00:00:00,177.7,Monthly,UNITEDSTACONPRIINDCP,2014-06-11T09:44:00
United States,Consumer Price Index CPI,2001-07-31T00:00:00,177.4,Monthly,UNITEDSTACONPRIINDCP,2015-04-25T14:49:00
United States,Consumer Price Index CPI,2001-08-31T00:00:00,177.4,Monthly,UNITEDSTACONPRIINDCP,2014-06-11T09:44:00
United States,Consumer Price Index CPI,2001-09-30T00:00:00,178.1,Monthly,UNITEDSTACONPRIINDCP,2015-04-25T14:49:00
United States,Consumer Price Index CPI,2001-10-31T00:00:00,177.6,Monthly,UNITEDSTACONPRIINDCP,2014-06-11T09:44:00
United States,Consumer Price Index CPI,2001-11-30T00:00:00,177.5,Monthly,UNITEDSTACONPRIINDCP,2014-06-11T09:44:00
United States,Consumer Price Index CPI,2001-12-31T00:00:00,177.4,Monthly,UNITEDSTACONPRIINDCP,2015-04-25T14:49:00
United States,Consumer Price Index CPI,2002-01-31T00:00:00,177.7,Monthly,UNITEDSTACONPRIINDCP,2014-06-11T09:44:00
United States,Consumer Price Index CPI,2002-02-28T00:00:00,178,Monthly,UNITEDSTACONPRIINDCP,2014-06-11T09:44:00
United States,Consumer Price Index CPI,2002-03-31T00:00:00,178.5,Monthly,UNITEDSTACONPRIINDCP,2014-06-11T09:44:00
United States,Consumer Price Index CPI,2002-04-30T00:00:00,179.3,Monthly,UNITEDSTACONPRIINDCP,2014-06-11T09:44:00
United States,Consumer Price Index CPI,2002-05-31T00:00:00,179.5,Monthly,UNITEDSTACONPRIINDCP,2014-06-11T09:44:00
United States,Consumer Price Index CPI,2002-06-30T00:00:00,179.6,Monthly,UNITEDSTACONPRIINDCP,2015-04-25T14:49:00
United States,Consumer Price Index CPI,2002-07-31T00:00:00,180,Monthly,UNITEDSTACONPRIINDCP,2014-06-11T09:44:00
United States,Consumer Price Index CPI,2002-08-31T00:00:00,180.5,Monthly,UNITEDSTACONPRIINDCP,2014-06-11T09:44:00
United States,Consumer Price Index CPI,2002-09-30T00:00:00,180.8,Monthly,UNITEDSTACONPRIINDCP,2015-04-25T14:49:00
United States,Consumer Price Index CPI,2002-10-31T00:00:00,181.2,Monthly,UNITEDSTACONPRIINDCP,2014-06-11T09:44:00
United States,Consumer Price Index CPI,2002-11-30T00:00:00,181.5,Monthly,UNITEDSTACONPRIINDCP,2014-06-11T09:44:00
United States,Consumer Price Index CPI,2002-12-31T00:00:00,181.8,Monthly,UNITEDSTACONPRIINDCP,2015-04-25T14:49:00
United States,Consumer Price Index CPI,2003-01-31T00:00:00,182.6,Monthly,UNITEDSTACONPRIINDCP,2014-06-11T09:44:00
United States,Consumer Price Index CPI,2003-02-28T00:00:00,183.6,Monthly,UNITEDSTACONPRIINDCP,2015-04-25T14:49:00
United States,Consumer Price Index CPI,2003-03-31T00:00:00,183.9,Monthly,UNITEDSTACONPRIINDCP,2015-04-25T14:49:00
United States,Consumer Price Index CPI,2003-04-30T00:00:00,183.2,Monthly,UNITEDSTACONPRIINDCP,2014-06-11T09:44:00
United States,Consumer Price Index CPI,2003-05-31T00:00:00,182.9,Monthly,UNITEDSTACONPRIINDCP,2014-06-11T09:44:00
United States,Consumer Price Index CPI,2003-06-30T00:00:00,183.1,Monthly,UNITEDSTACONPRIINDCP,2015-04-25T14:49:00
United States,Consumer Price Index CPI,2003-07-31T00:00:00,183.7,Monthly,UNITEDSTACONPRIINDCP,2014-06-11T09:44:00
United States,Consumer Price Index CPI,2003-08-31T00:00:00,184.5,Monthly,UNITEDSTACONPRIINDCP,2014-06-11T09:44:00
United States,Consumer Price Index CPI,2003-09-30T00:00:00,185.1,Monthly,UNITEDSTACONPRIINDCP,2014-06-11T09:44:00
United States,Consumer Price Index CPI,2003-10-31T00:00:00,184.9,Monthly,UNITEDSTACONPRIINDCP,2014-06-11T09:44:00
United States,Consumer Price Index CPI,2003-11-30T00:00:00,185,Monthly,UNITEDSTACONPRIINDCP,2015-04-25T14:49:00
United States,Consumer Price Index CPI,2003-12-31T00:00:00,185.5,Monthly,UNITEDSTACONPRIINDCP,2014-06-11T09:44:00
United States,Consumer Price Index CPI,2004-01-31T00:00:00,186.3,Monthly,UNITEDSTACONPRIINDCP,2014-06-11T09:44:00
United States,Consumer Price Index CPI,2004-02-29T00:00:00,186.7,Monthly,UNITEDSTACONPRIINDCP,2015-04-25T14:49:00
United States,Consumer Price Index CPI,2004-03-31T00:00:00,187.1,Monthly,UNITEDSTACONPRIINDCP,2014-06-11T09:44:00
United States,Consumer Price Index CPI,2004-04-30T00:00:00,187.4,Monthly,UNITEDSTACONPRIINDCP,2014-06-11T09:44:00
United States,Consumer Price Index CPI,2004-05-31T00:00:00,188.2,Monthly,UNITEDSTACONPRIINDCP,2015-04-25T14:49:00
United States,Consumer Price Index CPI,2004-06-30T00:00:00,188.9,Monthly,UNITEDSTACONPRIINDCP,2014-06-11T09:44:00
United States,Consumer Price Index CPI,2004-07-31T00:00:00,189.1,Monthly,UNITEDSTACONPRIINDCP,2014-06-11T09:44:00
United States,Consumer Price Index CPI,2004-08-31T00:00:00,189.2,Monthly,UNITEDSTACONPRIINDCP,2015-04-25T14:49:00
United States,Consumer Price Index CPI,2004-09-30T00:00:00,189.8,Monthly,UNITEDSTACONPRIINDCP,2014-06-11T09:44:00
United States,Consumer Price Index CPI,2004-10-31T00:00:00,190.8,Monthly,UNITEDSTACONPRIINDCP,2014-06-11T09:44:00
United States,Consumer Price Index CPI,2004-11-30T00:00:00,191.7,Monthly,UNITEDSTACONPRIINDCP,2014-06-11T09:44:00
United States,Consumer Price Index CPI,2004-12-31T00:00:00,191.7,Monthly,UNITEDSTACONPRIINDCP,2014-06-11T09:44:00
United States,Consumer Price Index CPI,2005-01-31T00:00:00,191.6,Monthly,UNITEDSTACONPRIINDCP,2015-04-25T14:49:00
United States,Consumer Price Index CPI,2005-02-28T00:00:00,192.4,Monthly,UNITEDSTACONPRIINDCP,2014-06-11T09:44:00
United States,Consumer Price Index CPI,2005-03-31T00:00:00,193.1,Monthly,UNITEDSTACONPRIINDCP,2014-06-11T09:44:00
United States,Consumer Price Index CPI,2005-04-30T00:00:00,193.7,Monthly,UNITEDSTACONPRIINDCP,2014-06-11T09:44:00
United States,Consumer Price Index CPI,2005-05-31T00:00:00,193.6,Monthly,UNITEDSTACONPRIINDCP,2015-02-20T19:53:00
United States,Consumer Price Index CPI,2005-06-30T00:00:00,193.7,Monthly,UNITEDSTACONPRIINDCP,2014-06-11T09:44:00
United States,Consumer Price Index CPI,2005-07-31T00:00:00,194.9,Monthly,UNITEDSTACONPRIINDCP,2014-06-11T09:44:00
United States,Consumer Price Index CPI,2005-08-31T00:00:00,196.1,Monthly,UNITEDSTACONPRIINDCP,2014-06-11T09:44:00
United States,Consumer Price Index CPI,2005-09-30T00:00:00,198.8,Monthly,UNITEDSTACONPRIINDCP,2014-06-11T09:44:00
United States,Consumer Price Index CPI,2005-10-31T00:00:00,199.1,Monthly,UNITEDSTACONPRIINDCP,2015-02-20T19:53:00
United States,Consumer Price Index CPI,2005-11-30T00:00:00,198.1,Monthly,UNITEDSTACONPRIINDCP,2014-06-11T09:44:00
United States,Consumer Price Index CPI,2005-12-31T00:00:00,198.1,Monthly,UNITEDSTACONPRIINDCP,2014-06-11T09:44:00
United States,Consumer Price Index CPI,2006-01-31T00:00:00,199.3,Monthly,UNITEDSTACONPRIINDCP,2015-02-20T19:53:00
United States,Consumer Price Index CPI,2006-02-28T00:00:00,199.4,Monthly,UNITEDSTACONPRIINDCP,2014-06-11T09:44:00
United States,Consumer Price Index CPI,2006-03-31T00:00:00,199.7,Monthly,UNITEDSTACONPRIINDCP,2014-06-11T09:44:00
United States,Consumer Price Index CPI,2006-04-30T00:00:00,200.7,Monthly,UNITEDSTACONPRIINDCP,2015-02-20T19:53:00
United States,Consumer Price Index CPI,2006-05-31T00:00:00,201.3,Monthly,UNITEDSTACONPRIINDCP,2014-06-11T09:44:00
United States,Consumer Price Index CPI,2006-06-30T00:00:00,201.8,Monthly,UNITEDSTACONPRIINDCP,2014-06-11T09:44:00
United States,Consumer Price Index CPI,2006-07-31T00:00:00,202.9,Monthly,UNITEDSTACONPRIINDCP,2015-02-20T19:53:00
United States,Consumer Price Index CPI,2006-08-31T00:00:00,203.8,Monthly,UNITEDSTACONPRIINDCP,2014-06-11T09:44:00
United States,Consumer Price Index CPI,2006-09-30T00:00:00,202.8,Monthly,UNITEDSTACONPRIINDCP,2014-06-11T09:44:00
United States,Consumer Price Index CPI,2006-10-31T00:00:00,201.9,Monthly,UNITEDSTACONPRIINDCP,2015-02-20T19:53:00
United States,Consumer Price Index CPI,2006-11-30T00:00:00,202,Monthly,UNITEDSTACONPRIINDCP,2014-06-11T09:44:00
United States,Consumer Price Index CPI,2006-12-31T00:00:00,203.1,Monthly,UNITEDSTACONPRIINDCP,2014-06-11T09:44:00
United States,Consumer Price Index CPI,2007-01-31T00:00:00,203.437,Monthly,UNITEDSTACONPRIINDCP,2015-07-22T09:49:00
United States,Consumer Price Index CPI,2007-02-28T00:00:00,204.226,Monthly,UNITEDSTACONPRIINDCP,2015-07-22T09:49:00
United States,Consumer Price Index CPI,2007-03-31T00:00:00,205.288,Monthly,UNITEDSTACONPRIINDCP,2015-07-22T09:49:00
United States,Consumer Price Index CPI,2007-04-30T00:00:00,205.904,Monthly,UNITEDSTACONPRIINDCP,2015-07-22T09:49:00
United States,Consumer Price Index CPI,2007-05-31T00:00:00,206.755,Monthly,UNITEDSTACONPRIINDCP,2015-07-22T09:49:00
United States,Consumer Price Index CPI,2007-06-30T00:00:00,207.234,Monthly,UNITEDSTACONPRIINDCP,2015-07-22T09:49:00
United States,Consumer Price Index CPI,2007-07-31T00:00:00,207.603,Monthly,UNITEDSTACONPRIINDCP,2015-07-22T09:49:00
United States,Consumer Price Index CPI,2007-08-31T00:00:00,207.667,Monthly,UNITEDSTACONPRIINDCP,2015-07-22T09:49:00
United States,Consumer Price Index CPI,2007-09-30T00:00:00,208.547,Monthly,UNITEDSTACONPRIINDCP,2015-07-22T09:49:00
United States,Consumer Price Index CPI,2007-10-31T00:00:00,209.19,Monthly,UNITEDSTACONPRIINDCP,2014-06-11T09:44:00
United States,Consumer Price Index CPI,2007-11-30T00:00:00,210.834,Monthly,UNITEDSTACONPRIINDCP,2015-07-22T09:49:00
United States,Consumer Price Index CPI,2007-12-31T00:00:00,211.445,Monthly,UNITEDSTACONPRIINDCP,2015-07-22T09:49:00
United States,Consumer Price Index CPI,2008-01-31T00:00:00,212.174,Monthly,UNITEDSTACONPRIINDCP,2015-07-22T09:49:00
United States,Consumer Price Index CPI,2008-02-29T00:00:00,212.687,Monthly,UNITEDSTACONPRIINDCP,2015-07-22T09:49:00
United States,Consumer Price Index CPI,2008-03-31T00:00:00,213.448,Monthly,UNITEDSTACONPRIINDCP,2015-07-22T09:49:00
United States,Consumer Price Index CPI,2008-04-30T00:00:00,213.942,Monthly,UNITEDSTACONPRIINDCP,2015-07-22T09:49:00
United States,Consumer Price Index CPI,2008-05-31T00:00:00,215.208,Monthly,UNITEDSTACONPRIINDCP,2015-07-22T09:49:00
United States,Consumer Price Index CPI,2008-06-30T00:00:00,217.463,Monthly,UNITEDSTACONPRIINDCP,2015-07-22T09:49:00
United States,Consumer Price Index CPI,2008-07-31T00:00:00,219.016,Monthly,UNITEDSTACONPRIINDCP,2015-07-22T09:49:00
United States,Consumer Price Index CPI,2008-08-31T00:00:00,218.69,Monthly,UNITEDSTACONPRIINDCP,2014-06-11T09:44:00
United States,Consumer Price Index CPI,2008-09-30T00:00:00,218.877,Monthly,UNITEDSTACONPRIINDCP,2015-07-22T09:49:00
United States,Consumer Price Index CPI,2008-10-31T00:00:00,216.995,Monthly,UNITEDSTACONPRIINDCP,2015-07-22T09:49:00
United States,Consumer Price Index CPI,2008-11-30T00:00:00,213.153,Monthly,UNITEDSTACONPRIINDCP,2015-07-22T09:49:00
United States,Consumer Price Index CPI,2008-12-31T00:00:00,211.398,Monthly,UNITEDSTACONPRIINDCP,2015-07-22T09:49:00
United States,Consumer Price Index CPI,2009-01-31T00:00:00,211.933,Monthly,UNITEDSTACONPRIINDCP,2015-07-22T09:49:00
United States,Consumer Price Index CPI,2009-02-28T00:00:00,212.705,Monthly,UNITEDSTACONPRIINDCP,2015-07-22T09:49:00
United States,Consumer Price Index CPI,2009-03-31T00:00:00,212.495,Monthly,UNITEDSTACONPRIINDCP,2015-07-22T09:49:00
United States,Consumer Price Index CPI,2009-04-30T00:00:00,212.709,Monthly,UNITEDSTACONPRIINDCP,2015-07-22T09:49:00
United States,Consumer Price Index CPI,2009-05-31T00:00:00,213.022,Monthly,UNITEDSTACONPRIINDCP,2015-07-22T09:49:00
United States,Consumer Price Index CPI,2009-06-30T00:00:00,214.79,Monthly,UNITEDSTACONPRIINDCP,2014-06-11T09:44:00
United States,Consumer Price Index CPI,2009-07-31T00:00:00,214.726,Monthly,UNITEDSTACONPRIINDCP,2015-07-22T09:49:00
United States,Consumer Price Index CPI,2009-08-31T00:00:00,215.445,Monthly,UNITEDSTACONPRIINDCP,2015-07-22T09:49:00
United States,Consumer Price Index CPI,2009-09-30T00:00:00,215.861,Monthly,UNITEDSTACONPRIINDCP,2015-07-22T09:49:00
United States,Consumer Price Index CPI,2009-10-31T00:00:00,216.509,Monthly,UNITEDSTACONPRIINDCP,2015-07-22T09:49:00
United States,Consumer Price Index CPI,2009-11-30T00:00:00,217.234,Monthly,UNITEDSTACONPRIINDCP,2015-07-22T09:49:00
United States,Consumer Price Index CPI,2009-12-31T00:00:00,217.347,Monthly,UNITEDSTACONPRIINDCP,2015-07-22T09:49:00
United States,Consumer Price Index CPI,2010-01-31T00:00:00,217.488,Monthly,UNITEDSTACONPRIINDCP,2015-07-22T09:49:00
United States,Consumer Price Index CPI,2010-02-28T00:00:00,217.281,Monthly,UNITEDSTACONPRIINDCP,2015-07-22T09:49:00
United States,Consumer Price Index CPI,2010-03-31T00:00:00,217.353,Monthly,UNITEDSTACONPRIINDCP,2015-07-22T09:49:00
United States,Consumer Price Index CPI,2010-04-30T00:00:00,217.403,Monthly,UNITEDSTACONPRIINDCP,2015-07-22T09:49:00
United States,Consumer Price Index CPI,2010-05-31T00:00:00,217.29,Monthly,UNITEDSTACONPRIINDCP,2015-02-20T19:53:00
United States,Consumer Price Index CPI,2010-06-30T00:00:00,217.199,Monthly,UNITEDSTACONPRIINDCP,2015-07-22T09:49:00
United States,Consumer Price Index CPI,2010-07-31T00:00:00,217.605,Monthly,UNITEDSTACONPRIINDCP,2015-07-22T09:49:00
United States,Consumer Price Index CPI,2010-08-31T00:00:00,217.923,Monthly,UNITEDSTACONPRIINDCP,2015-07-22T09:49:00
United States,Consumer Price Index CPI,2010-09-30T00:00:00,218.275,Monthly,UNITEDSTACONPRIINDCP,2015-07-22T09:49:00
United States,Consumer Price Index CPI,2010-10-31T00:00:00,219.035,Monthly,UNITEDSTACONPRIINDCP,2015-07-22T09:49:00
United States,Consumer Price Index CPI,2010-11-30T00:00:00,219.59,Monthly,UNITEDSTACONPRIINDCP,2015-02-20T19:53:00
United States,Consumer Price Index CPI,2010-12-31T00:00:00,220.472,Monthly,UNITEDSTACONPRIINDCP,2015-07-22T09:49:00
United States,Consumer Price Index CPI,2011-01-31T00:00:00,221.187,Monthly,UNITEDSTACONPRIINDCP,2017-02-13T14:33:00
United States,Consumer Price Index CPI,2011-02-28T00:00:00,221.898,Monthly,UNITEDSTACONPRIINDCP,2017-02-13T14:33:00
United States,Consumer Price Index CPI,2011-03-31T00:00:00,223.046,Monthly,UNITEDSTACONPRIINDCP,2017-02-13T14:33:00
United States,Consumer Price Index CPI,2011-04-30T00:00:00,224.093,Monthly,UNITEDSTACONPRIINDCP,2017-02-13T14:33:00
United States,Consumer Price Index CPI,2011-05-31T00:00:00,224.806,Monthly,UNITEDSTACONPRIINDCP,2017-02-13T14:33:00
United States,Consumer Price Index CPI,2011-06-30T00:00:00,224.806,Monthly,UNITEDSTACONPRIINDCP,2017-02-13T14:33:00
United States,Consumer Price Index CPI,2011-07-31T00:00:00,225.395,Monthly,UNITEDSTACONPRIINDCP,2017-02-13T14:33:00
United States,Consumer Price Index CPI,2011-08-31T00:00:00,226.106,Monthly,UNITEDSTACONPRIINDCP,2017-02-13T14:33:00
United States,Consumer Price Index CPI,2011-09-30T00:00:00,226.597,Monthly,UNITEDSTACONPRIINDCP,2017-02-13T14:33:00
United States,Consumer Price Index CPI,2011-10-31T00:00:00,226.75,Monthly,UNITEDSTACONPRIINDCP,2017-02-13T14:33:00
United States,Consumer Price Index CPI,2011-11-30T00:00:00,227.169,Monthly,UNITEDSTACONPRIINDCP,2017-02-13T14:33:00
United States,Consumer Price Index CPI,2011-12-31T00:00:00,227.223,Monthly,UNITEDSTACONPRIINDCP,2017-02-13T14:33:00
United States,Consumer Price Index CPI,2012-01-31T00:00:00,227.842,Monthly,UNITEDSTACONPRIINDCP,2017-02-13T14:33:00
United States,Consumer Price Index CPI,2012-02-29T00:00:00,228.329,Monthly,UNITEDSTACONPRIINDCP,2017-02-13T14:33:00
United States,Consumer Price Index CPI,2012-03-31T00:00:00,228.807,Monthly,UNITEDSTACONPRIINDCP,2017-02-13T14:33:00
United States,Consumer Price Index CPI,2012-04-30T00:00:00,229.187,Monthly,UNITEDSTACONPRIINDCP,2017-02-13T14:33:00
United States,Consumer Price Index CPI,2012-05-31T00:00:00,228.713,Monthly,UNITEDSTACONPRIINDCP,2017-02-13T14:33:00
United States,Consumer Price Index CPI,2012-06-30T00:00:00,228.524,Monthly,UNITEDSTACONPRIINDCP,2017-02-13T14:33:00
United States,Consumer Price Index CPI,2012-07-31T00:00:00,228.59,Monthly,UNITEDSTACONPRIINDCP,2017-02-13T14:33:00
United States,Consumer Price Index CPI,2012-08-31T00:00:00,229.918,Monthly,UNITEDSTACONPRIINDCP,2017-02-13T14:33:00
United States,Consumer Price Index CPI,2012-09-30T00:00:00,231.015,Monthly,UNITEDSTACONPRIINDCP,2017-02-13T14:33:00
United States,Consumer Price Index CPI,2012-10-31T00:00:00,231.638,Monthly,UNITEDSTACONPRIINDCP,2017-02-13T14:33:00
United States,Consumer Price Index CPI,2012-11-30T00:00:00,231.249,Monthly,UNITEDSTACONPRIINDCP,2017-02-13T14:33:00
United States,Consumer Price Index CPI,2012-12-31T00:00:00,231.221,Monthly,UNITEDSTACONPRIINDCP,2017-02-13T14:33:00
United States,Consumer Price Index CPI,2013-01-31T00:00:00,231.679,Monthly,UNITEDSTACONPRIINDCP,2018-02-12T18:27:00
United States,Consumer Price Index CPI,2013-02-28T00:00:00,232.937,Monthly,UNITEDSTACONPRIINDCP,2018-02-12T18:25:00
United States,Consumer Price Index CPI,2013-03-31T00:00:00,232.282,Monthly,UNITEDSTACONPRIINDCP,2018-02-12T18:25:00
United States,Consumer Price Index CPI,2013-04-30T00:00:00,231.797,Monthly,UNITEDSTACONPRIINDCP,2018-02-12T18:25:00
United States,Consumer Price Index CPI,2013-05-31T00:00:00,231.893,Monthly,UNITEDSTACONPRIINDCP,2018-02-12T18:25:00
United States,Consumer Price Index CPI,2013-06-30T00:00:00,232.445,Monthly,UNITEDSTACONPRIINDCP,2018-02-12T18:25:00
United States,Consumer Price Index CPI,2013-07-31T00:00:00,232.9,Monthly,UNITEDSTACONPRIINDCP,2018-02-12T18:25:00
United States,Consumer Price Index CPI,2013-08-31T00:00:00,233.456,Monthly,UNITEDSTACONPRIINDCP,2018-02-12T18:25:00
United States,Consumer Price Index CPI,2013-09-30T00:00:00,233.544,Monthly,UNITEDSTACONPRIINDCP,2018-02-12T18:25:00
United States,Consumer Price Index CPI,2013-10-31T00:00:00,233.669,Monthly,UNITEDSTACONPRIINDCP,2018-02-12T18:25:00
United States,Consumer Price Index CPI,2013-11-30T00:00:00,234.1,Monthly,UNITEDSTACONPRIINDCP,2018-02-12T18:25:00
United States,Consumer Price Index CPI,2013-12-31T00:00:00,234.719,Monthly,UNITEDSTACONPRIINDCP,2018-02-12T18:25:00
United States,Consumer Price Index CPI,2014-01-31T00:00:00,235.347,Monthly,UNITEDSTACONPRIINDCP,2018-02-12T18:25:00
United States,Consumer Price Index CPI,2014-02-28T00:00:00,235.522,Monthly,UNITEDSTACONPRIINDCP,2018-02-12T18:25:00
United States,Consumer Price Index CPI,2014-03-31T00:00:00,235.956,Monthly,UNITEDSTACONPRIINDCP,2018-02-12T18:25:00
United States,Consumer Price Index CPI,2014-04-30T00:00:00,236.463,Monthly,UNITEDSTACONPRIINDCP,2018-02-12T18:25:00
United States,Consumer Price Index CPI,2014-05-31T00:00:00,236.867,Monthly,UNITEDSTACONPRIINDCP,2018-02-12T18:25:00
United States,Consumer Price Index CPI,2014-06-30T00:00:00,237.188,Monthly,UNITEDSTACONPRIINDCP,2018-02-12T18:25:00
United States,Consumer Price Index CPI,2014-07-31T00:00:00,237.485,Monthly,UNITEDSTACONPRIINDCP,2018-02-12T18:25:00
United States,Consumer Price Index CPI,2014-08-31T00:00:00,237.439,Monthly,UNITEDSTACONPRIINDCP,2018-02-12T18:25:00
United States,Consumer Price Index CPI,2014-09-30T00:00:00,237.452,Monthly,UNITEDSTACONPRIINDCP,2018-02-12T18:25:00
United States,Consumer Price Index CPI,2014-10-31T00:00:00,237.447,Monthly,UNITEDSTACONPRIINDCP,2018-02-12T18:25:00
United States,Consumer Price Index CPI,2014-11-30T00:00:00,237.042,Monthly,UNITEDSTACONPRIINDCP,2018-02-12T18:25:00
United States,Consumer Price Index CPI,2014-12-31T00:00:00,236.27,Monthly,UNITEDSTACONPRIINDCP,2018-02-12T18:25:00
United States,Consumer Price Index CPI,2015-01-31T00:00:00,234.836,Monthly,UNITEDSTACONPRIINDCP,2018-02-12T18:25:00
United States,Consumer Price Index CPI,2015-02-28T00:00:00,235.274,Monthly,UNITEDSTACONPRIINDCP,2018-02-12T18:25:00
United States,Consumer Price Index CPI,2015-03-31T00:00:00,235.956,Monthly,UNITEDSTACONPRIINDCP,2018-02-12T18:25:00
United States,Consumer Price Index CPI,2015-04-30T00:00:00,236.165,Monthly,UNITEDSTACONPRIINDCP,2018-02-12T18:25:00
United States,Consumer Price Index CPI,2015-05-31T00:00:00,236.952,Monthly,UNITEDSTACONPRIINDCP,2018-02-12T18:25:00
United States,Consumer Price Index CPI,2015-06-30T00:00:00,237.618,Monthly,UNITEDSTACONPRIINDCP,2018-02-12T18:25:00
United States,Consumer Price Index CPI,2015-07-31T00:00:00,237.993,Monthly,UNITEDSTACONPRIINDCP,2018-02-12T18:25:00
United States,Consumer Price Index CPI,2015-08-31T00:00:00,237.989,Monthly,UNITEDSTACONPRIINDCP,2018-02-12T18:25:00
United States,Consumer Price Index CPI,2015-09-30T00:00:00,237.467,Monthly,UNITEDSTACONPRIINDCP,2017-02-13T14:33:00
United States,Consumer Price Index CPI,2015-10-31T00:00:00,237.764,Monthly,UNITEDSTACONPRIINDCP,2018-02-12T18:25:00
United States,Consumer Price Index CPI,2015-11-30T00:00:00,238.072,Monthly,UNITEDSTACONPRIINDCP,2018-02-12T18:25:00
United States,Consumer Price Index CPI,2015-12-31T00:00:00,237.827,Monthly,UNITEDSTACONPRIINDCP,2018-02-12T18:25:00
United States,Consumer Price Index CPI,2016-01-31T00:00:00,237.99,Monthly,UNITEDSTACONPRIINDCP,2018-02-12T18:25:00
United States,Consumer Price Index CPI,2016-02-29T00:00:00,237.532,Monthly,UNITEDSTACONPRIINDCP,2018-02-12T18:25:00
United States,Consumer Price Index CPI,2016-03-31T00:00:00,238.022,Monthly,UNITEDSTACONPRIINDCP,2018-02-12T18:25:00
United States,Consumer Price Index CPI,2016-04-30T00:00:00,238.843,Monthly,UNITEDSTACONPRIINDCP,2018-02-12T18:25:00
United States,Consumer Price Index CPI,2016-05-31T00:00:00,239.439,Monthly,UNITEDSTACONPRIINDCP,2018-02-12T18:25:00
United States,Consumer Price Index CPI,2016-06-30T00:00:00,240.074,Monthly,UNITEDSTACONPRIINDCP,2018-02-12T18:25:00
United States,Consumer Price Index CPI,2016-07-31T00:00:00,240.058,Monthly,UNITEDSTACONPRIINDCP,2018-02-12T18:25:00
United States,Consumer Price Index CPI,2016-08-31T00:00:00,240.569,Monthly,UNITEDSTACONPRIINDCP,2018-02-12T18:25:00
United States,Consumer Price Index CPI,2016-09-30T00:00:00,241.017,Monthly,UNITEDSTACONPRIINDCP,2018-02-12T18:25:00
United States,Consumer Price Index CPI,2016-10-31T00:00:00,241.667,Monthly,UNITEDSTACONPRIINDCP,2018-02-12T18:25:00
United States,Consumer Price Index CPI,2016-11-30T00:00:00,242.081,Monthly,UNITEDSTACONPRIINDCP,2018-02-12T18:25:00
United States,Consumer Price Index CPI,2016-12-31T00:00:00,242.784,Monthly,UNITEDSTACONPRIINDCP,2018-02-12T18:25:00
United States,Consumer Price Index CPI,2017-01-31T00:00:00,244.028,Monthly,UNITEDSTACONPRIINDCP,2018-02-12T18:25:00
United States,Consumer Price Index CPI,2017-02-28T00:00:00,244.102,Monthly,UNITEDSTACONPRIINDCP,2018-02-12T18:25:00
United States,Consumer Price Index CPI,2017-03-31T00:00:00,243.717,Monthly,UNITEDSTACONPRIINDCP,2018-02-12T18:25:00
United States,Consumer Price Index CPI,2017-04-30T00:00:00,244.087,Monthly,UNITEDSTACONPRIINDCP,2018-02-12T18:25:00
United States,Consumer Price Index CPI,2017-05-31T00:00:00,243.911,Monthly,UNITEDSTACONPRIINDCP,2018-02-12T18:25:00
United States,Consumer Price Index CPI,2017-06-30T00:00:00,244.032,Monthly,UNITEDSTACONPRIINDCP,2018-02-12T18:25:00
United States,Consumer Price Index CPI,2017-07-31T00:00:00,244.236,Monthly,UNITEDSTACONPRIINDCP,2018-02-12T18:25:00
United States,Consumer Price Index CPI,2017-08-31T00:00:00,245.262,Monthly,UNITEDSTACONPRIINDCP,2018-02-12T18:25:00
United States,Consumer Price Index CPI,2017-09-30T00:00:00,246.392,Monthly,UNITEDSTACONPRIINDCP,2018-02-12T18:25:00
United States,Consumer Price Index CPI,2017-10-31T00:00:00,246.583,Monthly,UNITEDSTACONPRIINDCP,2018-02-12T18:25:00
United States,Consumer Price Index CPI,2017-11-30T00:00:00,247.411,Monthly,UNITEDSTACONPRIINDCP,2018-02-12T18:25:00
United States,Consumer Price Index CPI,2017-12-31T00:00:00,247.91,Monthly,UNITEDSTACONPRIINDCP,2018-02-12T18:25:00
United States,Consumer Price Index CPI,2018-01-31T00:00:00,249.245,Monthly,UNITEDSTACONPRIINDCP,2018-02-14T13:36:00
United States,Consumer Price Index CPI,2018-02-28T00:00:00,249.619,Monthly,UNITEDSTACONPRIINDCP,2018-03-13T12:33:00
United States,Consumer Price Index CPI,2018-03-31T00:00:00,249.462,Monthly,UNITEDSTACONPRIINDCP,2018-04-11T12:52:00
United States,Consumer Price Index CPI,2018-04-30T00:00:00,250.013,Monthly,UNITEDSTACONPRIINDCP,2018-05-10T12:35:00
United States,Consumer Price Index CPI,2018-05-31T00:00:00,250.535,Monthly,UNITEDSTACONPRIINDCP,2018-06-12T12:34:00
United States,Consumer Price Index CPI,2018-06-30T00:00:00,250.857,Monthly,UNITEDSTACONPRIINDCP,2018-07-12T12:33:00
United States,Consumer Price Index CPI,2018-07-31T00:00:00,251.286,Monthly,UNITEDSTACONPRIINDCP,2018-08-10T12:44:00
United States,Consumer Price Index CPI,2018-08-31T00:00:00,251.846,Monthly,UNITEDSTACONPRIINDCP,2018-09-13T12:37:00
United States,Consumer Price Index CPI,2018-09-30T00:00:00,251.994,Monthly,UNITEDSTACONPRIINDCP,2018-10-11T12:38:00
